연도,학교종류,시도,행정구,학교명,학교명(영문),본분교,학교상태,설립,우편번호,주소,전화번호,팩스번호,홈페이지
2020,전문대학(4년제),서울,서울 동대문구,삼육보건대학교,Sahmyook Health University,본교,기존,사립,02500,서울특별시 동대문구 망우로 82 (휘경동),02-2212-0082        ,02-2215-2380        ,http://www.shu.ac.kr
2020,전문대학(4년제),서울,서울 서대문구,서울여자간호대학교,Seoul Women's College of nursing,본교,기존,사립,03617,"서울특별시 서대문구 간호대로 38 (홍제동, 서울여자간호대학)",02-2287-1700        ,02-395-8018         ,www.snjc.ac.kr
2020,전문대학(4년제),광주,광주 남구,기독간호대학교,Christian College of Nursing,본교,기존,사립,61662,"광주광역시 남구 백서로70번길 6 (양림동, 기독간호대학)",062-650-8000        ,062-675-5806        ,ccn.ac.kr
2020,전문대학(4년제),광주,광주 동구,조선간호대학교,CHOSUN NURSING COLLEGE,본교,기존,사립,61453,"광주광역시 동구 필문대로 309-2 (서석동, 조선간호대학교)",062-231-7022,062-231-7029,www.cnc.ac.kr
2020,전문대학(4년제),강원,강원 영월군,세경대학교,saekyung university,본교,기존,사립,26239,"강원도 영월군 영월읍 하송로 197 (하송리, 세경대학)",033-371-3000,033-371-3059,www.saekyung.ac.kr
2020,전문대학(4년제),충북,충북 음성군,강동대학교,GANGDONG UNIVERSITY,본교,기존,사립,27600,"충청북도 음성군 감곡면 대학길 278 (단평리, 강동대학교)",043-879-3300        ,043-881-3310        ,www.gangdong.ac.kr
2020,전문대학(4년제),충남,충남 천안시,백석문화대학교,BAEKSEOK CULTURE UNIVERSITY,본교,기존,사립,31065,"충청남도 천안시 동남구 문암로 58 (안서동, 백석문화대학교)",041-550-0700        ,041-550-9113,www.bscu.ac.kr
2020,전문대학(4년제),전북,전북 군산시,군산간호대학교,KUNSAN COLLEGE OF NURSING,본교,기존,사립,54068,"전라북도 군산시 동개정길 7 (개정동, 군산간호대학교)",063-450-3855,063-450-3899        ,www.kcn.ac.kr
2020,전문대학(4년제),전남,전남 순천시,순천제일대학교,suncheon jeil college,본교,기존,사립,57997,"전라남도 순천시 제일대학길 17 (덕월동, 순천제일대학)",061-740-1234        ,061-743-5106        ,www.suncheon.ac.kr
2020,전문대학(3년제),서울,서울 구로구,동양미래대학교,Dongyang Mirae University,본교,기존,사립,08221,"서울특별시 구로구 경인로 445 (고척동, 동양미래대학교)",02-2610-1700        ,02-2688-5494        ,www.dongyang.ac.kr/
2020,전문대학(3년제),서울,서울 서대문구,명지전문대학,MYONGJI COLLEGE,본교,기존,사립,03656,"서울특별시 서대문구 가좌로 134 (홍은동, 명지전문대학)",02-300-1000         ,02-304-4832         ,www.mjc.ac.kr
2020,전문대학(3년제),서울,서울 종로구,배화여자대학교,Baewha Women's University,본교,기존,사립,03039,"서울특별시 종로구 필운대로1길 34 (필운동, 배화여자대학)",02-399-0700         ,02-737-8431         ,www.baewha.ac.kr
2020,전문대학(3년제),부산,부산 사상구,경남정보대학교,Kyungnam College of Information and Technology,본교,기존,사립,47011,"부산광역시 사상구 주례로 45 (주례동, 경남정보대학)",051-324-5555,051-324-1858,www.kit.ac.kr
2020,전문대학(3년제),부산,부산 해운대구,동부산대학교,DONG-PUSAN COLLEGE,본교,기존,사립,48000,"부산광역시 해운대구 운봉길 60 (반송동, 동부산대학교)",051-542-8891,0515403844,www.dpc.ac.kr
2020,전문대학(3년제),부산,부산 사하구,동주대학교,Dongju College,본교,기존,사립,49318,"부산광역시 사하구 사리로55번길 16 (괴정동, 동주대학)",051-200-3300,051-201-5420,www.dongju.ac.kr
2020,전문대학(3년제),대구,대구 북구,대구보건대학교,DAEGU HEALTH COLLEGE,본교,기존,사립,41453,"대구광역시 북구 영송로 15 (태전동, 대구보건대학)",053-320-1300,053-320-1239,www.dhc.ac.kr
2020,전문대학(3년제),대구,대구 수성구,수성대학교,SUSEONG UNIVERSITY,본교,기존,사립,42078,"대구광역시 수성구 달구벌대로528길 15 (만촌동, 수성대학교)",053-749-7000        ,053-751-1823        ,WWW.SC.AC.KR
2020,전문대학(3년제),인천,인천 계양구,경인여자대학교,KYUNGIN WOMEN'S UNIVERSITY,본교,기존,사립,21041,"인천광역시 계양구 계양산로 63 (계산동, 경인여자대학)",032-540-0114        ,032-545-2095      ,www.kiwu.ac.kr
2020,전문대학(3년제),인천,인천 미추홀구,인하공업전문대학,INHA TECHNICAL COLLEGE,본교,기존,사립,22212,"인천광역시 미추홀구 인하로 100 (용현동, 인하대,인하공전,정석항공고)",032-870-2114,032-870-2489,www.inhatc.ac.kr
2020,전문대학(3년제),광주,광주 광산구,광주보건대학교,GWANGJU HEALTH UNIVERSITY,본교,기존,사립,62287,"광주광역시 광산구 북문대로419번길 73 (신창동, 광주보건대학)",062-958-7500,062-953-4946,www.ghu.ac.kr
2020,전문대학(3년제),광주,광주 북구,동강대학교,dongkang college,본교,기존,사립,61200,"광주광역시 북구 동문대로 50 (풍향동, 동강대학교)",062-520-2114        ,062-520-2216        ,www.dkc.ac.kr
2020,전문대학(3년제),광주,광주 북구,서영대학교,SEOYEONG UNIVERSITY,본교,기존,사립,61268,"광주광역시 북구 서강로 1 (운암동, 서영대학교)",062-520-5114,062-523-1603,www.seoyeong.ac.kr
2020,전문대학(3년제),광주,광주 남구,송원대학,SONGWON COLLEGE,본교,폐교,사립,61756,"광주광역시 남구 송암로 73 (송하동, 송원대학)",062-360-5700        ,062-360-5756        ,www.songwon.ac.kr
2020,전문대학(3년제),대전,대전 서구,대전과학기술대학교,DAEJEON INSTITUTE OF SCIENCE AND TECHNOLOGY,본교,기존,사립,35408,"대전광역시 서구 혜천로 100 (복수동, 대전과학기술대학교)",042-580-6114,042-580-6159,www.dst.ac.kr
2020,전문대학(3년제),대전,대전 동구,우송정보대학,WOOSONG COLLEGE,본교,기존,사립,34518,"대전광역시 동구 백룡로 59 (자양동, 우송정보대학동캠퍼스)",042-629-6114,042-629-6653,www.wsi.ac.kr
2020,전문대학(3년제),울산,울산 동구,울산과학대학교,ULSAN COLLEGE,본교,기존,사립,44022,"울산광역시 동구 봉수로 101 (화정동, 울산과학대학동부캠퍼스)",052-230-0500        ,052-234-9300        ,www.uc.ac.kr
2020,전문대학(3년제),울산,울산 울주군,춘해보건대학교,Choonhae College of Health Sciences,본교,기존,사립,44965,"울산광역시 울주군 웅촌면 대학길 9 (곡천리, 춘해보건대학)",052-270-0100,052-225-9889,www.ch.ac.kr
2020,전문대학(3년제),세종,세종 ,한국영상대학교,KOREA  UNIVERSITY OF MEDIA ARTS,본교,기존,사립,30056,"세종특별자치시 장군면 대학길 300 (금암리, 한국영상대학교)",044-850-9000        ,044-850-9029,www.pro.ac.kr
2020,전문대학(3년제),경기,경기 의정부시,경민대학교,KYUNGMIN UNIVERSITY,본교,기존,사립,11618,"경기도 의정부시 서부로 545 (가능동, 경민대학)",031-828-7700        ,031-828-7029,www.kyungmin.ac.kr
2020,전문대학(3년제),경기,경기 남양주시,경복대학교,KYUNGBOK UNIVERSITY,본교,기존,사립,12051,"경기도 남양주시 진접읍 경복대로 425 (금곡리, 경복대학교)",031-570-9901~6,031-570-9568,www.kbu.ac.kr
2020,전문대학(3년제),경기,경기 김포시,김포대학교,KIMPO University,본교,기존,사립,10020,"경기도 김포시 월곶면 김포대학로 97 (포내리, 김포대학교)",031-999-4114,031-989-4387,www.kimpo.ac.kr
2020,전문대학(3년제),경기,경기 고양시,농협대학교,Agricultural Cooperative University,본교,기존,사립,10292,"경기도 고양시 덕양구 서삼릉길 281 (원당동, 농협대학)",031-960-4000,031-960-4119,www.nonghyup.ac.kr
2020,전문대학(3년제),경기,경기 안양시,대림대학교,DAELIM UNIVERSITY COLLEGE,본교,기존,사립,13916,"경기도 안양시 동안구 임곡로 29 (비산동, 대림대학교)",031-467-4700    ,031-446-8729        ,www.daelim.ac.kr
2020,전문대학(3년제),경기,경기 수원시,동남보건대학교,DONGNAM HEALTH UNIVERSITY,본교,기존,사립,16328,"경기도 수원시 장안구 천천로74번길 50 (정자동, 동남보건대학)",031-249-6333        ,031-249-6334        ,www.dongnam.ac.kr
2020,전문대학(3년제),경기,경기 안성시,동아방송예술대학교,Dong-Ah Institute of Media and Arts,본교,기존,사립,17516,"경기도 안성시 삼죽면 동아예대길 47 (진촌리, 동아방송예술대학교)",031-670-6600        ,031-674-2997        ,www.dima.ac.kr
2020,전문대학(3년제),경기,경기 광주시,동원대학교,TONGWON UNIVERSITY,본교,기존,사립,12813,"경기도 광주시 곤지암읍 경충대로 26 (신촌리, 동원대학)",031-763-8541        ,031-763-9157        ,www.tw.ac.kr
2020,전문대학(3년제),경기,경기 안산시,서울예술대학교,SEOUL INSTITUTE OF THE ARTS,본교,기존,사립,15263,"경기도 안산시 단원구 예술대학로 171 (고잔동, 서울예술대학)",031-412-7100        ,,http://www.seoularts.ac.kr
2020,전문대학(3년제),경기,경기 양주시,서정대학교,Seojeong College,본교,기존,사립,11429,"경기도 양주시 은현면 화합로 1049-56 (용암리, 서정대학)",031-859-6900,031-859-6904,www.seojeong.ac.kr
2020,전문대학(3년제),경기,경기 화성시,수원과학대학교,SUWON SCIENCE COLLEGE,본교,기존,사립,18516,"경기도 화성시 정남면 세자로 288 (보통리, 수원과학대학)",031-350-2114,031-354-8988,www.ssc.ac.kr
2020,전문대학(3년제),경기,경기 성남시,신구대학교,SHINGU COLLEGE,본교,기존,사립,13174,"경기도 성남시 중원구 광명로 377 (금광동, 신구대학)",031-740-1114        ,031-734-0905        ,www.shingu.ac.kr
2020,전문대학(3년제),경기,경기 안산시,안산대학교,Ansan University,본교,기존,사립,15328,"경기도 안산시 상록구 안산대학로 155 (일동, 안산대학교)",031-400-6900,031-419-8390,www.ansan.ac.kr
2020,전문대학(3년제),경기,경기 안양시,연성대학교,YEONSUNG UNIVERSITY,본교,기존,사립,14011,"경기도 안양시 만안구 양화로37번길 34 (안양동, 연성대학교)",031-441-1100        ,031-442-4400        ,www.yeonsung.ac.kr
2020,전문대학(3년제),경기,경기 오산시,오산대학교,OSAN UNIVERSITY,본교,기존,사립,18119,"경기도 오산시 청학로 45 (청학동, 오산대학)",031-370-2500        ,031-373-7388    ,www.osan.ac.kr
2020,전문대학(3년제),경기,경기 용인시,용인송담대학교,YONG-IN SONGDAM COLLEGE,본교,기존,사립,17145,"경기도 용인시 처인구 동부로 61 (마평동, 용인송담대학)",031-330-9000,031-336-9535,https://www.ysc.ac.kr/kor/Main.do
2020,전문대학(3년제),경기,경기 파주시,웅지세무대학교,Woongji Accounting & Tax College,본교,기존,사립,10846,"경기도 파주시 탄현면 웅지로144번길 73 (금승리, 웅지세무대학)",031-940-3114        ,031-940-3119        ,www.wat.ac.kr
2020,전문대학(3년제),경기,경기 이천시,청강문화산업대학교,ChungKang College of Cultural Industries,본교,기존,사립,17390,"경기도 이천시 마장면 청강가창로 389-94 (해월리, 청강문화산업대학)",031-637-1114,031-637-9696,www.ck.ac.kr
2020,전문대학(3년제),경기,경기 평택시,한국복지대학교,Korea National University of Welfare,본교,기존,국립,17738,"경기도 평택시 삼남로 283 (장안동, 국립한국재활복지대학)",031-610-4600        ,031-610-4608,http://www.knuw.ac.kr
2020,전문대학(3년제),강원,강원 강릉시,강릉영동대학교,GANGNEUNG YEONGDONG UNIVERSITY,본교,기존,사립,25521,"강원도 강릉시 공제로 357 (홍제동, 강릉영동대학)",033-610-0114        ,033-644-8809        ,www.gyc.ac.kr
2020,전문대학(3년제),강원,강원 횡성군,한국골프대학교,KOREA GOLF UNIVERSITY,본교,기존,사립,25247,"강원도 횡성군 우천면 하대5길 109 (하대리, 한국골프대학교)",033-810-1000,033-810-1001,http://www.kg.ac.kr/
2020,전문대학(3년제),강원,강원 춘천시,한림성심대학교,HALLYM POLYTECHNIC UNIVERSITY,본교,기존,사립,24210,"강원도 춘천시 동면 장학길 48 (장학리, 한림성심대학교)",033-240-9000        ,033-252-9462        ,http://www.hsc.ac.kr/
2020,전문대학(3년제),충남,충남 당진시,신성대학교,SHINSUNG UNIVERSITY,본교,기존,사립,31801,"충청남도 당진시 정미면 대학로 1 (덕마리, 신성대학교)",041-350-1114        ,041-350-1075        ,www.shinsung.ac.kr
2020,전문대학(3년제),충남,충남 청양군,충남도립대학교,Chungnam State University,본교,기존,공립,33303,"충청남도 청양군 청양읍 학사길 55 (벽천리, 충남도립대학교)",041-635-6600        ,041-635-7950,www.cnsu.ac.kr
2020,전문대학(3년제),충남,충남 홍성군,혜전대학교,HYEJEON COLLEGE,본교,기존,사립,32244,충청남도 홍성군 홍성읍 대학1길 19 (남장리),041-630-5114        ,041-634-5154,www.hj.ac.kr
2020,전문대학(3년제),전북,전북 군산시,군장대학교,KUNJANG UNIVERSITY COLLEGE,본교,기존,사립,54045,"전라북도 군산시 성산면 군장대길 13 (도암리, 군장대학)",063-450-8114,063-450-8111,www.kunjang.ac.kr
2020,전문대학(3년제),전북,전북 군산시,서해대학,SOHAE COLLEGE,본교,기존,사립,54116,"전라북도 군산시 서해대길 6 (오룡동, 서해대학)",063-460-9114,063-460-9191,www.sohae.ac.kr
2020,전문대학(3년제),전북,전북 익산시,원광보건대학교,Wonkwang Health Science University,본교,기존,사립,54538,"전라북도 익산시 익산대로 514 (신용동, 원광보건대학)",063-840-1114,063-840-1566,www.wu.ac.kr
2020,전문대학(3년제),전북,전북 전주시,전주기전대학,Jeonju Kijeon College,본교,기존,사립,54989,"전라북도 전주시 완산구 전주천서로 267 (중화산동1가, 전주기전대학)",063-280-5208,063-231-6415,www.kijeon.ac.kr
2020,전문대학(3년제),전북,전북 전주시,한국농수산대학,Korea National College of Agriculture and Fisheries ,본교,기존,특별법국립,54874,"전라북도 전주시 덕진구 콩쥐팥쥐로 1515 (중동, 한국농수산대학)",063-238-9114,063-238-9719,www.af.ac.kr
2020,전문대학(3년제),전남,전남 나주시,고구려대학교,KOGURYEO COLLEGE,본교,기존,사립,58280,"전라남도 나주시 다시면 백호로 125 (복암리, 고구려대학)",061-330-7400,061-330-7322,www.kgrc.ac.kr
2020,전문대학(3년제),전남,전남 광양시,광양보건대학교,Gwang Yang Health Sciences University,본교,기존,사립,57764,"전라남도 광양시 광양읍 대학로 85 (덕례리, 광양보건대학)",061-760-1411,061-763-9009,www.gy.ac.kr
2020,전문대학(3년제),전남,전남 영암군,동아보건대학교,DONGA UNIVERSITY OF HEALTH,본교,기존,사립,58439,"전라남도 영암군 학산면 영산로 76-57 (독천리, 동아보건대학교)",061-470-1700     ,061-472-8770        ,www.duh.ac.kr
2020,전문대학(3년제),전남,전남 목포시,목포과학대학교,MOKPO SCIENCE UNIVERSITY,본교,기존,사립,58644,"전라남도 목포시 영산로 413-1 (상동, 목포과학대학)",061-278-8651        ,061-279-8838        ,http://www.mokpo-c.ac.kr
2020,전문대학(3년제),전남,전남 순천시,청암대학교,CHEONGAM COLLEGE,본교,기존,사립,57997,"전라남도 순천시 녹색로 1641 (덕월동, 순천청암대학)",061-740-7100        ,061-743-6414        ,ca.ac.kr
2020,전문대학(3년제),경북,경북 안동시,가톨릭상지대학교,CATHOLIC SANGJI COLLEGE,본교,기존,사립,36686,"경상북도 안동시 상지길 45 (율세동, 가톨릭상지대학교)",054-851-3000       ,054-857-9590        ,www.csj.ac.kr
2020,전문대학(3년제),경북,경북 영주시,경북전문대학교,Kyungbuk College,본교,기존,사립,36133,"경상북도 영주시 대학로 77 (휴천동, 경북전문대학교)",054-630-5114        ,054-632-0754        ,www.kbc.ac.kr
2020,전문대학(3년제),경북,경북 포항시,선린대학교,SUNLIN UNIVERSITY,본교,기존,사립,37560,"경상북도 포항시 북구 흥해읍 초곡길36번길 30 (초곡리, 선린대학)",054-260-5000        ,054-261-9455        ,www.sunlin.ac.kr
2020,전문대학(3년제),경북,경북 영천시,성운대학교,SUNGWOON C.UNIVERSITY,본교,기존,사립,38801,"경상북도 영천시 신녕면 대학길 105 (화남리, 성덕대학교)",054-330-8800     ,054-330-8810,www.sdc.ac.kr
2020,전문대학(3년제),경북,경북 안동시,안동과학대학교,AndongScienceCollege,본교,기존,사립,36616,"경상북도 안동시 서후면 서선길 189 (교리, 안동과학대학교)",054-851-3500,054-852-9907,www.asc.ac.kr
2020,전문대학(3년제),경북,경북 포항시,포항대학교,POHANG UNIVERSITY,본교,기존,사립,37555,"경상북도 포항시 북구 흥해읍 신덕로 60 (죽천리, 포항대학교)",054-251-8000        ,,www.pohang.ac.kr
2020,전문대학(3년제),경남,경남 거제시,거제대학교,KOJE UNIVERSITY,본교,기존,사립,53325,"경상남도 거제시 마전1길 91 (장승포동, 거제대학)",055-680-1504        ,055-681-3993        ,www.koje.ac.kr
2020,전문대학(3년제),경남,경남 김해시,김해대학교,GIMHAE COLLEGE,본교,기존,사립,50811,"경상남도 김해시 삼안로112번길 198 (삼방동, 김해대학교)",055-320-1600,055-336-6222,www.gimhae.ac.kr
2020,전문대학(3년제),경남,경남 창원시,마산대학교,MASAN UNIVERSITY,본교,기존,사립,51217,"경상남도 창원시 마산회원구 내서읍 함마대로 2640 (용담리, 마산대학)",055-230-1212,055-231-1177,www.masan.ac.kr
2020,전문대학(3년제),경남,경남 진주시,연암공과대학교,YONAM INSTITUTE OF TECHNOLOGY,본교,기존,사립,52821,"경상남도 진주시 진주대로629번길 35 (가좌동, 연암공업대학)",055-751-2000        ,055-751-2004        ,www.yc.ac.kr
2020,전문대학(3년제),경남,경남 진주시,진주보건대학교,JINJU HEALTH COLLEGE,본교,기존,사립,52655,"경상남도 진주시 의병로 51 (상봉동, 진주보건대학)",055-740-1800        ,055-743-3010        ,www.jhc.ac.kr
2020,전문대학(3년제),경남,경남 창원시,창원문성대학교,Changwon Moonsung University,본교,기존,사립,51410,"경상남도 창원시 의창구 충혼로 91 (두대동, 창원문성대학)",055-279-5114        ,055-273-7386        ,http://www.cmu.ac.kr
2020,전문대학(3년제),제주,제주 제주시,제주한라대학교,CHEJU HALLA UNIVERSITY,본교,기존,사립,63092,"제주특별자치도 제주시 한라대학로 38 (노형동, 제주한라대학)",064-741-7575,064-747-3989,www.chu.ac.kr
2020,전문대학(2년제),서울,서울 중랑구,서일대학교,SEOIL UNIVERSITY,본교,기존,사립,02192,"서울특별시 중랑구 용마산로90길 28 (면목동, 서일대학)",02-490-7300         ,02-490-7348      ,www.seoil.ac.kr
2020,전문대학(2년제),서울,서울 중구,숭의여자대학교,Soongeui Women's College,본교,기존,사립,04628,"서울특별시 중구 소파로2길 10 (예장동, 숭의여자대학)",02-3708-9000        ,02-773-2625         ,www.sewc.ac.kr
2020,전문대학(2년제),서울,서울 노원구,인덕대학교,Induk University,본교,기존,사립,01878,"서울특별시 노원구 초안산로 12 (월계동, 인덕대학)",02-950-7000         ,02-906-5340         ,www.induk.ac.kr
2020,전문대학(2년제),서울,서울 성동구,한양여자대학교,Hanyang Women's University,본교,기존,사립,04763,"서울특별시 성동구 살곶이길 200 (사근동, 한양여자대학)",02-2290-2114        ,02-2291-6111        ,www.hywoman.ac.kr
2020,전문대학(2년제),부산,부산 금정구,대동대학교,DAEDONG COLLEGE,본교,기존,사립,46270,"부산광역시 금정구 동부곡로27번길 88 (부곡동, 대동대학교)",0515185444,0515145847,www.daedong.ac.kr
2020,전문대학(2년제),부산,부산 부산진구,동의과학대학교,DONGEUI INSTITUTE OF TECHNOLOGY,본교,기존,사립,47230,"부산광역시 부산진구 양지로 54 (양정동, 동의과학대학)",051-852-0011,051-860-3270,www.dit.ac.kr
2020,전문대학(2년제),부산,부산 연제구,부산경상대학교,Busan Kyungsang College,본교,기존,사립,47583,"부산광역시 연제구 고분로 170 (연산동, 부산경상대학)",051-850-1000        ,051-850-1133        ,www.bsks.ac.kr
2020,전문대학(2년제),부산,부산 북구,부산과학기술대학교,BUSAN INSTITUTE OF SCIENCE AND TECHNOLOGY,본교,기존,사립,46639,"부산광역시 북구 시랑로132번길 88 (구포동, 부산과학기술대학교)",051-334-6666        ,051-334-7780        ,bist.ac.kr
2020,전문대학(2년제),부산,부산 부산진구,부산여자대학교,BusanWomensCollege,본교,기존,사립,47228,"부산광역시 부산진구 진남로 506 (양정동, 부산여자대학)",051-852-0081        ,051-867-4705        ,www.bwc.ac.kr
2020,전문대학(2년제),부산,부산 남구,부산예술대학교,Busan Arts College,본교,기존,사립,48429,"부산광역시 남구 못골번영로71번길 74 (대연동, 부산예술대학)",051-628-3990,051-628-2719,www.busanarts.ac.kr
2020,전문대학(2년제),부산,부산 해운대구,성심외국어대학,SungSim College of Foreign Languages,본교,폐교,사립,48015,"부산광역시 해운대구 반송순환로 142 (반송동, 영산대학교부산캠퍼스)",051-543-7000        ,051-543-9347        ,www.sungsim.ac.kr
2020,전문대학(2년제),대구,대구 달서구,계명문화대학교,KEIMYUNG COLLEGE UNIVERSITY,본교,기존,사립,42601,"대구광역시 달서구 달서대로 675 (신당동, 계명문화대학교)",053-589-7744        ,053-589-7575        ,www.kmcu.ac.kr
2020,전문대학(2년제),대구,대구 달서구,대구공업대학교,DaeguTechnical University,본교,기존,사립,42734,"대구광역시 달서구 송현로 205 (본동, 대구공업대학)",053-527-0501        ,053-527-0506        ,www.ttc.ac.kr
2020,전문대학(2년제),대구,대구 북구,대구과학대학교,Taegu Science University,본교,기존,사립,41453,"대구광역시 북구 영송로 47 (태전동, 대구과학대학)",053-320-1114      ,053-320-1045        ,www.tsu.ac.kr
2020,전문대학(2년제),대구,대구 남구,영남이공대학교,Yeungnam University College,본교,기존,사립,42415,"대구광역시 남구 현충로 170 (대명동, 영남이공대학)",053-650-9114        ,053-627-8491,www.ync.ac.kr
2020,전문대학(2년제),대구,대구 북구,영진전문대학교,Yeungjin University,본교,기존,사립,41527,"대구광역시 북구 복현로 35 (복현동, 영진전문대학)",053-940-5108      ,053-943-1906   ,www.yju.ac.kr
2020,전문대학(2년제),인천,인천 동구,인천재능대학교,INCHEON JAENEUNG UNIVERSITY,본교,기존,사립,22573,"인천광역시 동구 재능로 178 (송림동, 재능대학)",032-890-7000        ,032-890-7080,www.jeiu.ac.kr
2020,전문대학(2년제),광주,광주 동구,조선이공대학교,CHOSUN COLLEGE OF SCIENCE & TECHNOLOY,본교,기존,사립,61453,"광주광역시 동구 필문대로 309-1 (서석동, 조선이공대학)",062-230-8114        ,062-232-4277        ,www.cst.ac.kr
2020,전문대학(2년제),대전,대전 유성구,대덕대학교,DAEDUK UNIVERSITY,본교,기존,사립,34111,"대전광역시 유성구 가정북로 68 (장동, 대덕대학교)",042-866-0200,042-861-5110,ddu.ac.kr
2020,전문대학(2년제),대전,대전 동구,대전보건대학교,Daejeon Health Institute of Technology,본교,기존,사립,34504,"대전광역시 동구 충정로 21 (가양동, 대전보건대학)",042-670-9011        ,042-670-9049       ,www.hit.ac.kr
2020,전문대학(2년제),경기,경기 시흥시,경기과학기술대학교,Gyeonggi University of Science and Technology,본교,기존,사립,15073,"경기도 시흥시 경기과기대로 269 (정왕동, 경기과학기술대학교)",031-496-4555        ,031-319-9666        ,www.gtec.ac.kr
2020,전문대학(2년제),경기,경기 의왕시,계원예술대학교,KAYWON UNIVERSITY OF ART AND DESIGN,본교,기존,사립,16038,"경기도 의왕시 계원대학로 66 (내손동, 계원예술대학교)",031-420-1700        ,031-420-1709       ,www.kaywon.ac.kr
2020,전문대학(2년제),경기,경기 평택시,국제대학교,KOOKJE UNIVERSITY,본교,기존,사립,17731,"경기도 평택시 장안웃길 56 (장안동, 국제대학교)",031-610-8000        ,031-668-4900        ,www.kookje.ac.kr
2020,전문대학(2년제),경기,경기 성남시,동서울대학교,DONG SEOUL UNIVERSITY,본교,기존,사립,13117,"경기도 성남시 수정구 복정로 76 (복정동, 동서울대학)",0317202114,0317511094,www.du.ac.kr
2020,전문대학(2년제),경기,경기 안성시,두원공과대학교,DOOWON TECHNICAL UNIVERSITY,본교,기존,사립,17520,"경기도 안성시 죽산면 관음당길 51 (장원리, 두원공과대학교)",031-8056-7000       ,031-8056-7100       ,doowon.ac.kr
2020,전문대학(2년제),경기,경기 부천시,부천대학교,BUCHEON UNIVERSITY,본교,기존,사립,14632,"경기도 부천시 원미구 신흥로56번길 25 (심곡동, 부천대학)",032-610-0114,032-663-0114,www.bc.ac.kr
2020,전문대학(2년제),경기,경기 수원시,수원여자대학교,SUWON WOMEN'S UNIVERSITY,본교,기존,사립,16632,"경기도 수원시 권선구 온정로 72 (오목천동, 수원여자대학)",031-290-8000,031-292-6250,https://www.swwu.ac.kr/swwu.do
2020,전문대학(2년제),경기,경기 안산시,신안산대학교,Shin Ansan University,본교,기존,사립,15435,"경기도 안산시 단원구 신안산대학로 135 (초지동, 안산공과대학)",031-490-6000        ,031-495-7828        ,www.sau.ac.kr
2020,전문대학(2년제),경기,경기 의정부시,신흥대학교,SHINHEUNGCOLLEGE,본교,폐교,사립,11644,"경기도 의정부시 호암로 95 (호원동, 신한대학교)",031-870-3114    ,031-870-3319       ,http://www.shinhan.ac.kr
2020,전문대학(2년제),경기,경기 여주시,여주대학교,YEOJU INSTITUTE OF TECHNOLOGY,본교,기존,사립,12652,"경기도 여주시 세종로 338 (교동, 여주대학)",031-880-5000        ,031-883-5113        ,www.yit.ac.kr
2020,전문대학(2년제),경기,경기 부천시,유한대학교,YUHAN UNIVERSITY,본교,기존,사립,14780,"경기도 부천시 소사구 경인로 590 (괴안동, 유한대학)",02-2610-0600        ,02-2614-6398        ,www.yuhan.ac.kr
2020,전문대학(2년제),경기,경기 화성시,장안대학교,JANGAN UNIVERSITY,본교,기존,사립,18331,"경기도 화성시 봉담읍 삼천병마로 1182 (상리, 장안대학)",031-299-3000   ,031-227-8276        ,www.jangan.ac.kr
2020,전문대학(2년제),경기,경기 이천시,한국관광대학교,Korea Tourism College,본교,기존,사립,17306,"경기도 이천시 신둔면 이장로311번길 197-73 (고척리, 한국관광대학)",031-644-1000        ,031-644-1122        ,www.ktc.ac.kr
2020,전문대학(2년제),강원,강원 태백시,강원관광대학교,KangwonTourismCollege,본교,기존,사립,26034,"강원도 태백시 대학길 97 (황지동, 강원관광대학)",033-550-6114,033-553-7322,www.kt.ac.kr
2020,전문대학(2년제),강원,강원 강릉시,강원도립대학교,Gangwon State University ,본교,기존,공립,25425,"강원도 강릉시 주문진읍 연주로 270 (교항리, 강원도립대학)",033-660-8000        ,033-660-8015,http://www.gw.ac.kr
2020,전문대학(2년제),강원,강원 속초시,동우대학,DONG-U COLLEGE,본교,폐교,사립,24865,"강원도 속초시 도리원길 5 (노학동, 동우대학)",033-632-6551        ,033-639-0518     ,www.duc.ac.kr
2020,전문대학(2년제),강원,강원 원주시,상지영서대학교,Sangji Youngseo College,본교,폐교,사립,26339,"강원도 원주시 상지대길 84 (우산동, 상지영서대학교)",033-744-4150,033-744-1333,www.sy.ac.kr
2020,전문대학(2년제),강원,강원 춘천시,송곡대학교,SONGGOK UNIVERSITY,본교,기존,사립,24465,"강원도 춘천시 남산면 송곡대학길 34 (창촌리, 송곡대학교)",033-260-3600        ,033-261-4599        ,www.songgok.ac.kr
2020,전문대학(2년제),강원,강원 횡성군,송호대학교,SongHo University,본교,기존,사립,25242,"강원도 횡성군 횡성읍 남산로 210 (남산리, 송호대학교)",033-340-1000        ,033-340-1006        ,www.songho.ac.kr
2020,전문대학(2년제),충북,충북 제천시,대원대학교,DAEWON UNIVERSITY COLLEGE,본교,기존,사립,27135,"충청북도 제천시 대학로 316 (신월동, 대원대학)",043-645-9171        ,043-645-9170        ,www.daewon.ac.kr
2020,전문대학(2년제),충북,충북 옥천군,충북도립대학교,Chungbuk Provincial University,본교,기존,공립,29046,"충청북도 옥천군 옥천읍 대학길 15 (문정리, 충북도립대학교)",043-220-5320        ,043-220-5319        ,www.cpu.ac.kr
2020,전문대학(2년제),충북,충북 청주시,충북보건과학대학교,Chungbuk Health and Science University,본교,기존,사립,28150,"충청북도 청주시 청원구 내수읍 덕암길 10 (덕암리, 충북보건과학대학교)",043-210-8114        ,043-214-9039        ,www.chsu.ac.kr
2020,전문대학(2년제),충북,충북 청주시,충청대학교,ChungCheong University,본교,기존,사립,28171,"충청북도 청주시 흥덕구 강내면 월곡길 38 (월곡리, 충청대학)",043-230-2114        ,043-230-2115        ,www.ok.ac.kr
2020,전문대학(2년제),충남,충남 보령시,아주자동차대학,AJOU MOTOR COLLEGE,본교,기존,사립,33415,"충청남도 보령시 주포면 대학길 106 (관산리, 아주자동차대학교)","041-939-3008, 3006",041-932-6173,http://www.motor.ac.kr
2020,전문대학(2년제),충남,충남 천안시,연암대학교,YONAM COLLEGE,본교,기존,사립,31005,"충청남도 천안시 서북구 성환읍 연암로 313 (수향리, 천안연암대학)",041-580-1114        ,041-581-0401        ,www.yonam.ac.kr
2020,전문대학(2년제),전북,전북 완주군,백제예술대학교,Paekche Institute of the Arts,본교,기존,사립,55313,"전라북도 완주군 봉동읍 백제대학로 171 (제내리, 백제예술대학교)",063-260-9114        ,063-263-3607        ,www.paekche.ac.kr
2020,전문대학(2년제),전북,전북 정읍시,전북과학대학교,JEONBUK SCIENCE COLLEGE,본교,기존,사립,56204,"전라북도 정읍시 정읍사로 509 (시기동, 전북과학대학)",063-530-9114        ,063-532-3768        ,www.jbsc.ac.kr
2020,전문대학(2년제),전북,전북 전주시,전주비전대학교,Vision College of Jeonju,본교,기존,사립,55069,"전라북도 전주시 완산구 천잠로 235 (효자동2가, 전주비전대학)",063-220-4114,063-220-3629,www.jvision.ac.kr 
2020,전문대학(2년제),전남,전남 곡성군,전남과학대학교,CHUNNAM TECHNO UNIVERSITY,본교,기존,사립,57500,전라남도 곡성군 옥과면 대학로 113 (옥과리),061-360-5000,061-360-5020,www.cntu.ac.kr 
2020,전문대학(2년제),전남,전남 담양군,전남도립대학교,Jeonnam State University,본교,기존,공립,57337,"전라남도 담양군 담양읍 죽녹원로 152 (향교리, 전남도립대학)",061-380-8412,061-381-9100        ,www.dorip.ac.kr
2020,전문대학(2년제),전남,전남 여수시,한영대학교,HANYEONG UNIVERSITY,본교,기존,사립,59720,"전라남도 여수시 장군산길 18-43 (여서동, 한영대학)",061-650-4000        ,061-650-4020        ,www.hanyeong.ac.kr
2020,전문대학(2년제),경북,경북 칠곡군,경북과학대학교,KYONGBUK SCIENCE COLLEGE,본교,기존,사립,39913,"경상북도 칠곡군 기산면 지산로 634 (봉산리, 경북과학대학교)",054-979-9001        ,054-979-9130        ,www.kbsc.ac.kr
2020,전문대학(2년제),경북,경북 예천군,경북도립대학교,GYEONGBUK PROVINCIAL COLLEGE,본교,기존,공립,36830,"경상북도 예천군 예천읍 도립대학길 114 (청복리, 경북도립대학교)",054-650-0111        ,054-650-0119        ,www.gpc.ac.kr
2020,전문대학(2년제),경북,경북 김천시,경북보건대학교,GYEONGBUK COLLEGE OF HEALTH,본교,기존,사립,39525,"경상북도 김천시 대학로 168 (삼락동, 경북보건대학교)",054-420-9200       ,054-430-4477 ,www.gch.ac.kr
2020,전문대학(2년제),경북,경북 구미시,구미대학교,gumicollege,본교,기존,사립,39213,"경상북도 구미시 야은로 37 (부곡동, 구미대학교)",054-440-1114        ,054-442-8953        ,www.gumi.ac.kr
2020,전문대학(2년제),경북,경북 경산시,대경대학교,Daekyeung College,본교,기존,사립,38547,"경상북도 경산시 자인면 단북1길 65 (단북리, 대경대학)",053-850-1000        ,053-850-1214        ,www.tk.ac.kr
2020,전문대학(2년제),경북,경북 문경시,문경대학교,Munkyung College,본교,기존,사립,36930,"경상북도 문경시 호계면 대학길 161 (별암리, 문경대학)",054-559-1114        ,054-559-1059        ,www.mkc.ac.kr
2020,전문대학(2년제),경북,경북 경주시,서라벌대학교,sorabol college,본교,기존,사립,38063,"경상북도 경주시 태종로 516 (충효동, 서라벌대학)",054-770-3500        ,054-741-5429        ,http://home.sorabol.ac.kr
2020,전문대학(2년제),경북,경북 경산시,영남외국어대학,Youngnam Foreign Language College,본교,기존,사립,38695,"경상북도 경산시 남천면 남천로 780-9 (협석리, 영남외국어대학)",053-810-0100        ,053-810-0199        ,www.yflc.ac.kr
2020,전문대학(2년제),경북,경북 경산시,호산대학교,HOSAN UNIVERSITY,본교,기존,사립,38428,"경상북도 경산시 하양읍 대경로105길 19 (부호리, 호산대학교)",053-850-8000        ,053-853-9715        ,www.hosan.ac.kr
2020,전문대학(2년제),경남,경남 거창군,경남도립거창대학,University Of Gyeongnam Geochang,본교,기존,공립,50147,"경상남도 거창군 거창읍 거창대학로 72 (대평리, 경남도립거창대학)",055-254-2800,055-254-2718,www.gc.ac.kr
2020,전문대학(2년제),경남,경남 남해군,경남도립남해대학,University Of Gyeongnam Namhae,본교,기존,공립,52422,"경상남도 남해군 남해읍 화전로78번길 30 (남변리, 경남도립남해대학)",055-254-2400,055-254-2419,www.namhae.ac.kr
2020,전문대학(2년제),경남,경남 양산시,동원과학기술대학교,Dongwon Institute of Science and Technology,본교,기존,사립,50578,"경상남도 양산시 명곡로 321 (명곡동, 동원과학기술대학교)",055-370-8100        ,055-386-2000        ,www.dist.ac.kr
2020,전문대학(2년제),경남,경남 거창군,한국승강기대학교,Korea Lift College,본교,기존,사립,50141,"경상남도 거창군 거창읍 운정1길 120 (송정리, 한국승강기대학)",055-949-2220,055-949-2222,www.klc.ac.kr
2020,전문대학(2년제),제주,제주 제주시,제주관광대학교,JEJU TOURISM UNIVERSITY,본교,기존,사립,63063,"제주특별자치도 제주시 애월읍 평화로 2715 (광령리, 제주관광대학)",064-740-8700        ,064-748-2829        ,www.jtu.ac.kr
2020,교육대학,서울,서울 서초구,서울교육대학교,Seoul National University of Education,본교,기존,국립,06639,"서울특별시 서초구 서초중앙로 96 (서초동, 서울교육대학교,서울교대초등학교)",02-3475-2114,02-581-7711,www.snue.ac.kr
2020,교육대학,부산,부산 연제구,부산교육대학교,Busan National University of Education,본교,기존,국립,47503,"부산광역시 연제구 교대로 24 (거제동, 부산교육대학교)",051-500-7114        ,051-505-4908        ,www.bnue.ac.kr
2020,교육대학,대구,대구 남구,대구교육대학교,Daegu National University of Education,본교,기존,국립,42411,"대구광역시 남구 중앙대로 219 (대명동, 대구교육대학교)",053-620-1114        ,053-651-5369        ,http://www.dnue.ac.kr
2020,교육대학,인천,인천 계양구,경인교육대학교,GYEONGIN NATIONAL UNIVERSITY OF EDUCATION,본교,기존,국립,21044,"인천광역시 계양구 계산로 62 (계산동, 경인교육대학교)",032-540-1114        ,032-541-0580        ,www.ginue.ac.kr
2020,교육대학,광주,광주 북구,광주교육대학교,GWANGJU NATIONAL UNIVERSITY OF EDUCATION,본교,기존,국립,61204,"광주광역시 북구 필문대로 55 (풍향동, 광주교육대학교)",062-520-4114        ,062-524-6022        ,www.gnue.ac.kr
2020,교육대학,경기,경기 안양시,경인교육대학교,GYEONGIN NATIONAL UNIVERSITY OF EDUCATION,제2캠퍼스,기존,국립,13910,"경기도 안양시 만안구 삼막로 155 (석수동, 경인교육대학교)",031-470-6114        ,031-470-6139        ,www.ginue.ac.kr
2020,교육대학,강원,강원 춘천시,춘천교육대학교,Chuncheon National University of Education,본교,기존,국립,24328,"강원도 춘천시 공지로 126 (석사동, 춘천교육대학교)",033-260-6000        ,033-261-4328        ,www.cnue.ac.kr
2020,교육대학,충북,충북 청주시,청주교육대학교,chongju national university of education,본교,기존,국립,28690,"충청북도 청주시 서원구 청남로 2065 (수곡동, 청주교육대학교)",043-299-0800        ,,www.cje.ac.kr
2020,교육대학,충남,충남 공주시,공주교육대학교,GONGJU NATIONAL UNIVERSITY OF EDUCATION,본교,기존,국립,32553,"충청남도 공주시 웅진로 27 (봉황동, 공주교육대학교)",041-850-1114        ,041-854-1578        ,www.gjue.ac.kr
2020,교육대학,전북,전북 전주시,전주교육대학교,JEONJU NATIONAL UNIVERSITY OF EDUCATION,본교,기존,국립,55101,"전라북도 전주시 완산구 서학로 50 (동서학동, 전주교육대학교)",063-281-7114,063-281-0102,WWW.JNUE.KR
2020,교육대학,경남,경남 진주시,진주교육대학교,Chinju National Uinversity of Education,본교,기존,국립,52673,"경상남도 진주시 진양호로369번길 3 (신안동, 진주교육대학교)",055-740-1114        ,055-745-8741        ,www.cue.ac.kr
2020,대학교,서울,서울 서초구,가톨릭대학교,The Catholic University of Korea,제2캠퍼스,기존,사립,06591,"서울특별시 서초구 반포대로 222 (반포동, 가톨릭대학교 성모병원)",,,songeui.catholic.ac.kr
2020,대학교,서울,서울 종로구,가톨릭대학교,The Catholic University of Korea,제3캠퍼스,기존,사립,03083,"서울특별시 종로구 창경궁로 296-12 (혜화동, 가톨릭대학교성신교정)",02-740-9714         ,02-741-2801         ,http://catholic.ac.kr
2020,대학교,서울,서울 서대문구,감리교신학대학교,Methodist Theological University,본교,기존,사립,03745,"서울특별시 서대문구 독립문로 56 (냉천동, 감리교신학대학)",02-361-9114         ,02-361-9299         ,www.mtu.ac.kr
2020,대학교,서울,서울 광진구,건국대학교,KONKUK UNIVERSITY,본교,기존,사립,05029,"서울특별시 광진구 능동로 120 (화양동, 건국대학교)",02-450-3114,02-450-3238,www.konkuk.ac.kr
2020,대학교,서울,서울 서대문구,경기대학교,KYONGGI UNIVERSITY,제2캠퍼스,기존,사립,03746,"서울특별시 서대문구 경기대로9길 24 (충정로2가, 경기대학교)",02-390-5114         ,031-243-2194,www.kyonggi.ac.kr
2020,대학교,서울,서울 동대문구,경희대학교,Kyung Hee University,본교,기존,사립,02447,"서울특별시 동대문구 경희대로 26 (회기동, 경희대학교)",02-961-0114         ,02-961-0930         ,www.khu.ac.kr
2020,대학교,서울,서울 성북구,고려대학교,Korea University,본교,기존,사립,02841,"서울특별시 성북구 안암로 145 (안암동5가, 고려대학교안암캠퍼스(인문사회계))",02-3290-1114        ,,www.korea.ac.kr
2020,대학교,서울,서울 노원구,광운대학교,Kwangwoon University,본교,기존,사립,01897,"서울특별시 노원구 광운로 20 (월계동, 광운대학교)",02-940-5114,,www.kw.ac.kr
2020,대학교,서울,서울 성북구,국민대학교,KookminUniversity,본교,기존,사립,02707,"서울특별시 성북구 정릉로 77 (정릉동, 국민대학교)",02-910-4114         ,,www.kookmin.ac.kr
2020,대학교,서울,서울 도봉구,덕성여자대학교,DUKSUNG WOMEN'S UNIVERSITY,본교,기존,사립,01369,"서울특별시 도봉구 삼양로144길 33 (쌍문동, 덕성여자대학교)",02-901-8000         ,02-901-8020,www.duksung.ac.kr
2020,대학교,서울,서울 중구,동국대학교,Dongguk University,본교,기존,사립,04620,"서울특별시 중구 필동로1길 30 (장충동2가, 동국대학교)",02-2260-3114        ,02-2277-1274        ,http://www.dongguk.edu
2020,대학교,서울,서울 성북구,동덕여자대학교,Dongduk women's university,본교,기존,사립,02748,"서울특별시 성북구 화랑로13길 60 (하월곡동, 동덕여자대학교)",02-940-4000         ,02-940-4182         ,www.dongduk.ac.kr
2020,대학교,서울,서울 서대문구,명지대학교 인문캠퍼스,Myongji University social science campus,제2캠퍼스,기존,사립,03674,"서울특별시 서대문구 거북골로 34 (남가좌동, 명지대학교)",1577-0020,02-300-1556         ,www.mju.ac.kr
2020,대학교,서울,서울 노원구,삼육대학교,Sahmyook University,본교,기존,사립,01795,"서울특별시 노원구 화랑로 815 (공릉동, 삼육대학교)",02-3399-3485     ,02-979-5318         ,http://www.syu.ac.kr
2020,대학교,서울,서울 종로구,상명대학교,SANGMYUNG UNIVERSITY,본교,기존,사립,03016,"서울특별시 종로구 홍지문2길 20 (홍지동, 상명대학교)",02-2287-5114        ,02-2287-0031        ,www.smu.ac.kr
2020,대학교,서울,서울 마포구,서강대학교,Sogang University,본교,기존,사립,04107,"서울특별시 마포구 백범로 35 (신수동, 서강대학교)",02-705-8114         ,,www.sogang.ac.kr
2020,대학교,서울,서울 성북구,서경대학교,SEOKYEONG UNIVERSITY,본교,기존,사립,02713,"서울특별시 성북구 서경로 124 (정릉동, 서경대학)",02-940-7114         ,02-919-0345         ,www.skuniv.ac.kr
2020,대학교,서울,서울 노원구,서울과학기술대학교,Seoul National University of Science and Technology,본교,기존,국립,01811,"서울특별시 노원구 공릉로 232 (공릉동, 서울과학기술대학교)",02-970-6114         ,02-970-6088         ,www.seoultech.ac.kr
2020,대학교,서울,서울 은평구,서울기독대학교,Seoul Christian University,본교,기존,사립,03422,"서울특별시 은평구 갈현로4길 26-2 (신사동, 서울기독대학교)",02-380-2500         ,02-380-2535         ,www.scu.ac.kr
2020,대학교,서울,서울 관악구,서울대학교,Seoul National University,본교,기존,국립대법인,08826,"서울특별시 관악구 관악로 1 (신림동, 서울대학교)",02-880-5114         ,02-885-5272         ,www.snu.ac.kr
2020,대학교,서울,서울 동대문구,서울시립대학교,University of Seoul,본교,기존,공립,02504,"서울특별시 동대문구 서울시립대로 163 (전농동, 서울시립대학교)",02-6490-6114        ,02-6490-6439      ,www.uos.ac.kr
2020,대학교,서울,서울 노원구,서울여자대학교,Seoul Women's University,본교,기존,사립,01797,"서울특별시 노원구 화랑로 621 (공릉동, 서울여자대학교)",02-970-5114         ,02-970-7931   ,www.swu.ac.kr
2020,대학교,서울,서울 구로구,서울한영대학교,SEOUL HANYOUNG UNIVERSITY,본교,기존,사립,08274,"서울특별시 구로구 경인로 290-42 (개봉동, 한영신학대학교)",02-2669-2200 ,02-2669-2209 ,www.hytu.ac.kr
2020,대학교,서울,서울 구로구,성공회대학교,SungkonghoeUniversity,본교,기존,사립,08359,"서울특별시 구로구 연동로 320 (항동, 성공회대학교)",02-2610-4114  ,02-2610-4248        ,www.skhu.ac.kr
2020,대학교,서울,서울 종로구,성균관대학교,Sungkyunkwan University,본교,기존,사립,03063,"서울특별시 종로구 성균관로 25-2 (명륜3가, 성균관대학교)",02-760-0114,,http://www.skku.edu
2020,대학교,서울,서울 성북구,성신여자대학교,Sungshin Women's University,본교,기존,사립,02844,"서울특별시 성북구 보문로34다길 2 (돈암동, 성신여자대학교)",02-920-7114         ,02-920-2018         ,www.sungshin.ac.kr
2020,대학교,서울,서울 광진구,세종대학교,Sejong University,본교,기존,사립,05006,"서울특별시 광진구 능동로 209 (군자동, 세종대학교)",02-3408-3114        ,02-3408-3906        ,www.sejong.ac.kr
2020,대학교,서울,서울 용산구,숙명여자대학교,Sookmyung Women's University,본교,기존,사립,04310,"서울특별시 용산구 청파로47길 100 (청파동2가, 숙명여자대학교)",02-710-9114,02-718-2337,www.sookmyung.ac.kr
2020,대학교,서울,서울 동작구,숭실대학교,Soongsil University,본교,기존,사립,06978,"서울특별시 동작구 상도로 369 (상도동, 숭실대학교)",02-820-0114       ,02-816-1513,www.ssu.ac.kr
2020,대학교,서울,서울 서대문구,연세대학교,Yonsei University,본교,기존,사립,03722,"서울특별시 서대문구 연세로 50 (신촌동, 연세대학교)",1599-1885,02-2123-8608,www.yonsei.ac.kr
2020,대학교,서울,서울 서대문구,이화여자대학교,Ewha Womans University,본교,기존,사립,03760,"서울특별시 서대문구 이화여대길 52 (대현동, 이화여자대학교)",02-3277-2114        ,02-3277-3301,www.ewha.ac.kr
2020,대학교,서울,서울 광진구,장로회신학대학교,Presbyterian University & Theological Seminary,본교,기존,사립,04965,"서울특별시 광진구 광장로5길 25-1 (광장동, 장로회신학대학교)",02-450-0700         ,,www.puts.ac.kr
2020,대학교,서울,서울 동작구,중앙대학교 서울캠퍼스,Chung-Ang University,본교,기존,사립,06974,"서울특별시 동작구 흑석로 84 (흑석동, 중앙대학교)",02-820-5114         ,,www.cau.ac.kr
2020,대학교,서울,서울 동작구,총신대학교,Chongshin University,본교,기존,사립,06988,"서울특별시 동작구 사당로 143 (사당동, 총신대학교)",02-3479-0200,02-3479-0555,www.chongshin.ac.kr
2020,대학교,서울,서울 서대문구,추계예술대학교,CHUGYE UNIVERSITY FOR THE ARTS,본교,기존,사립,03762,"서울특별시 서대문구 북아현로11가길 7 (북아현동, 추계예술대학교)",02-362-5700,02-392-1777,www.chugye.ac.kr
2020,대학교,서울,서울 강서구,케이씨대학교,KC UNIVERSITY,본교,기존,사립,07661,"서울특별시 강서구 까치산로24길 47 (화곡동, 그리스도대학교)",02-2600-2400        ,02-2698-8876        ,kcu.ac.kr
2020,대학교,서울,서울 노원구,한국성서대학교,Korean Bible University,본교,기존,사립,01757,"서울특별시 노원구 동일로214길 32 (상계동, 한국성서대학교)",02-950-5401         ,070-4275-0167,www.bible.ac.kr
2020,대학교,서울,서울 동대문구,한국외국어대학교,HANKUK UNIVERSITY OF FOREIGN STUDIES,본교,기존,사립,02450,"서울특별시 동대문구 이문로 107 (이문동, 한국외국어대학교)",02-2173-2114        ,02-960-7898,www.hufs.ac.kr
2020,대학교,서울,서울 송파구,한국체육대학교,Korea National Sport University,본교,기존,국립,05541,"서울특별시 송파구 양재대로 1239 (방이동, 한국체육대학교)",02-410-6700      ,02-418-1877         ,www.knsu.ac.kr/
2020,대학교,서울,서울 성북구,한성대학교,Hansung University,본교,기존,사립,02876,"서울특별시 성북구 삼선교로16길 116 (삼선동2가, 한성대학교)",02-760-4114    ,02-745-8943         ,www.hansung.ac.kr
2020,대학교,서울,서울 성동구,한양대학교,Hanyang University,본교,기존,사립,04763,"서울특별시 성동구 왕십리로 222 (사근동, 한양대학교)",02-2220-0114        ,,www.hanyang.ac.kr
2020,대학교,서울,서울 마포구,홍익대학교,Hongik University,본교,기존,사립,04066,"서울특별시 마포구 와우산로 94 (상수동, 홍익대학교)",02-320-1114         ,02-320-1122         ,www.hongik.ac.kr/
2020,대학교,부산,부산 남구,경성대학교,Kyungsung University,본교,기존,사립,48434,"부산광역시 남구 수영로 309 (대연동, 경성대학교)",051-663-4114        ,051-663-4089        ,http://ks.ac.kr
2020,대학교,부산,부산 영도구,고신대학교,KOSIN UNIVERSITY,본교,기존,사립,49104,"부산광역시 영도구 와치로 194 (동삼동, 고신대학교)",051-990-2114     ,051-911-2525        ,www.kosin.ac.kr
2020,대학교,부산,부산 남구,동명대학교,TongMyong University,본교,기존,사립,48520,"부산광역시 남구 신선로 428 (용당동, 동명대학교)",051-629-1000        ,051-629-2000,www.tu.ac.kr
2020,대학교,부산,부산 사상구,동서대학교,DONGSEO UNIVERSITY,본교,기존,사립,47011,"부산광역시 사상구 주례로 47 (주례동, 동서대학교)",051-313-2001,051-313-1046,www.dongseo.ac.kr
2020,대학교,부산,부산 사하구,동아대학교,Dong-A University,본교,기존,사립,49315,"부산광역시 사하구 낙동대로550번길 37 (하단동, 동아대학교)",051-200-6114        ,051-201-5430        ,www.donga.ac.kr
2020,대학교,부산,부산 부산진구,동의대학교,Dong-eui University,본교,기존,사립,47340,"부산광역시 부산진구 엄광로 176 (가야동, 동의대학교)",051-890-1114        ,051-890-1234        ,www.deu.ac.kr
2020,대학교,부산,부산 남구,부경대학교,PUKYONG NATIONAL UNIVERSITY,본교,기존,국립,48513,"부산광역시 남구 용소로 45 (대연동, 부경대학교대연캠퍼스)",051-629-4114        ,051-629-5119 ,www.pknu.ac.kr
2020,대학교,부산,부산 금정구,부산가톨릭대학교,CATHOLIC UNIVERSITY OF PUSAN,본교,기존,사립,46252,"부산광역시 금정구 오륜대로 57 (부곡동, 부산가톨릭대학교)",051-515-5811~5,051-514-1576,"www.cup.ac.kr 		"
2020,대학교,부산,부산 금정구,부산대학교,Pusan National University,본교,기존,국립,46241,"부산광역시 금정구 부산대학로63번길 2 (장전동, 부산대학교)",051-512-0311        ,051-512-3368        ,www.pusan.ac.kr
2020,대학교,부산,부산 금정구,부산외국어대학교,Busan University of Foreign Studies,본교,기존,사립,46234,"부산광역시 금정구 금샘로485번길 65 (남산동, 부산외국어대학교)",051-509-5000,051-509-5005,www.bufs.ac.kr
2020,대학교,부산,부산 사상구,신라대학교,SILLA UNIVERSITY,본교,기존,사립,46958,"부산광역시 사상구 백양대로700번길 140 (괘법동, 신라대학교)",051-999-5000        ,051-999-5800        ,www.silla.ac.kr
2020,대학교,부산,부산 해운대구,영산대학교,YOUNGSAN UNIVERSITY,제2캠퍼스,기존,사립,48015,"부산광역시 해운대구 반송순환로 142 (반송동, 영산대학교해운대캠퍼스)",051-540-7400        ,051-543-9347        ,www.ysu.ac.kr
2020,대학교,부산,부산 부산진구,인제대학교,Inje University,제2캠퍼스,기존,사립,47392,"부산광역시 부산진구 복지로 75 (개금동, 부산백병원)",051-894-3421        ,051-895-1864        ,www.inje.ac.kr
2020,대학교,부산,부산 영도구,한국해양대학교,Korea Maritime & Ocean University,본교,기존,국립,49112,"부산광역시 영도구 태종로 727 (동삼동, 한국해양대학교)",051-410-4114,051-405-2475,www.kmou.ac.kr/kmou/main.do
2020,대학교,대구,대구 북구,경북대학교,Kyungpook National University,본교,기존,국립,41566,"대구광역시 북구 대학로 80 (산격동, 경북대학교)",053-950-5114        ,,www.knu.ac.kr
2020,대학교,대구,대구 달서구,계명대학교,Keimyung University,본교,기존,사립,42601,"대구광역시 달서구 달구벌대로 1095 (신당동, 계명대학교성서캠퍼스)",053-580-5114        ,053-580-5454        ,www.kmu.ac.kr
2020,대학교,대구,대구 달성군,대구경북과학기술원,DGIST,본교,기존,특별법법인,42988,대구광역시 달성군 현풍면 테크노중앙대로 333 (상리),053-785-0114,053-785-1219,www.dgist.ac.kr
2020,대학교,인천,인천 강화군,안양대학교,AnyangUniversity,제2캠퍼스,기존,사립,23038,"인천광역시 강화군 불은면 중앙로 602-14 (삼성리, 안양대학교강화캠퍼스)",032-930-6000     ,032-930-6215        ,www.anyang.ac.kr/main.do
2020,대학교,인천,인천 강화군,인천가톨릭대학교,Incheon Catholic University,본교,기존,사립,23058,인천광역시 강화군 양도면 고려왕릉로 53-1 (도장리),032-930-8000        ,032-937-8118        ,www.iccu.ac.kr
2020,대학교,인천,인천 연수구,인천가톨릭대학교,Incheon Catholic University,제2캠퍼스,기존,사립,22000,"인천광역시 연수구 해송로 12 (송도동, 인천가톨릭대학교)",032-830-7000        ,032-830-7011        ,www.iccu.ac.kr
2020,대학교,인천,인천 연수구,인천대학교,Incheon National University,본교,기존,국립대법인,22012,"인천광역시 연수구 아카데미로 119 (송도동, 인천대학교)",032-835-8114        ,032-835-0744       ,www.inu.ac.kr
2020,대학교,인천,인천 미추홀구,인하대학교,INHA UNIVERSITY,본교,기존,사립,22212,"인천광역시 남구 인하로 100 (용현동, 인하대학교)",032-860-7114        ,,www.inha.ac.kr
2020,대학교,광주,광주 북구,광신대학교,KWANGSHIN UNIVERSITY,본교,기존,사립,61027,"광주광역시 북구 양산택지소로 36 (본촌동, 광신대학교)",062-605-1004        ,062-571-7255        ,www.kwangshin.ac.kr
2020,대학교,광주,광주 북구,광주과학기술원,Gwangju Institute of Science and Technology,본교,기존,특별법법인,61005,"광주광역시 북구 첨단과기로 123 (오룡동, 광주과학기술원)",062-715-2114,062-715-2300,www.gist.ac.kr
2020,대학교,광주,광주 남구,광주대학교,Gwangju University,본교,기존,사립,61743,"광주광역시 남구 효덕로 277 (진월동, 광주대학교)",062-670-2114        ,062-674-0078        ,www.gwangju.ac.kr
2020,대학교,광주,광주 광산구,광주여자대학교,Kwangju Women's University,본교,기존,사립,62396,"광주광역시 광산구 여대길 201 (산정동, 광주여자대학교)",062-956-2500        ,062-953-2218        ,www.kwu.ac.kr
2020,대학교,광주,광주 광산구,남부대학교,NAMBU UNIVERSITY,본교,기존,사립,62271,"광주광역시 광산구 첨단중앙로 23 (월계동, 남부대학교)",062-970-0001        ,062-972-6200        ,www.nambu.ac.kr
2020,대학교,광주,광주 남구,송원대학교,SONGWON UNIVERSITY,본교,기존,사립,61756,"광주광역시 남구 송암로 73 (송하동, 송원대학)",062-360-5700,062-360-5756,www.songwon.ac.kr
2020,대학교,광주,광주 북구,전남대학교,Chonnam National University,본교,기존,국립,61186,"광주광역시 북구 용봉로 77 (용봉동, 전남대학교)",062-530-5114        ,062-530-1189        ,http://www.jnu.ac.kr
2020,대학교,광주,광주 동구,조선대학교,Chosun University,본교,기존,사립,61452,"광주광역시 동구 필문대로 309 (서석동, 조선대학교)",062-230-7114,062-232-8834,www.chosun.ac.kr
2020,대학교,광주,광주 광산구,호남대학교,HONAM UNIVERSITY,본교,기존,사립,62399,"광주광역시 광산구 호남대길 100 (서봉동, 호남대학교광산캠퍼스)",062-940-5114,062-940-5005,www.honam.ac.kr
2020,대학교,광주,광주 남구,호남신학대학교,Honam Theological University & Seminary,본교,기존,사립,61642,"광주광역시 남구 제중로 77 (양림동, 호남신학대학교)",062-650-1552        ,062-675-1552        ,www.htus.ac.kr
2020,대학교,대전,대전 서구,건양대학교,KONYANG UNIVERSITY,제2캠퍼스,기존,사립,35365,"대전광역시 서구 관저동로 158 (관저동, 건양대학교병원)",041-730-5114        ,041-733-2070        ,www.konyang.ac.kr
2020,대학교,대전,대전 동구,대전대학교,DAEJEON UNIVERSITY,본교,기존,사립,34520,"대전광역시 동구 대학로 62 (용운동, 대전대학교)",042-280-2114        ,042-283-8808        ,www.dju.ac.kr
2020,대학교,대전,대전 대덕구,대전신학대학교,DAEJEON THEOLOGICAL UNIVERSITY,본교,기존,사립,34432,"대전광역시 대덕구 한남로 41 (오정동, 대전신학대학교)",042-606-0114,042-621-0821,www.daejeon.ac.kr
2020,대학교,대전,대전 서구,목원대학교,MOKWON UNIVERSITY,본교,기존,사립,35349,"대전광역시 서구 도안북로 88 (도안동, 목원대학교)",042-829-7114        ,042-825-5020        ,www.mokwon.ac.kr
2020,대학교,대전,대전 서구,배재대학교,Pai Chai University,본교,기존,사립,35345,"대전광역시 서구 배재로 155-40 (도마동, 배재대학교)",042-520-5114,042-533-7354,www.pcu.ac.kr
2020,대학교,대전,대전 동구,우송대학교(본교),Woosong University,본교,기존,사립,34606,"대전광역시 동구 동대전로 171 (자양동, 우송정보대학,우송대서캠퍼스)",042-630-9600        ,042-631-2346        ,www.wsu.ac.kr
2020,대학교,대전,대전 중구,을지대학교,Eulji University,본교,기존,사립,34824,"대전광역시 중구 계룡로771번길 77 (목동, 을지대학교대전캠퍼스)",042-259-1500,042-259-1539,www.eulji.ac.kr
2020,대학교,대전,대전 유성구,충남대학교,Chungnam National University,본교,기존,국립,34134,"대전광역시 유성구 대학로 99 (궁동, 충남대학교)",042-821-5114        ,,www.cnu.ac.kr
2020,대학교,대전,대전 유성구,침례신학대학교,Korea Baptist Theological University/Seminary,본교,기존,사립,34098,"대전광역시 유성구 북유성대로 190 (하기동, 침례신학대학교)",042-828-3114        ,042-825-1354        ,www.kbtus.ac.kr
2020,대학교,대전,대전 유성구,한국과학기술원,KAIST,본교,기존,특별법법인,34141,"대전광역시 유성구 대학로 291 (구성동, 한국과학기술원)",042-350-2114,042-350-2210,www.kaist.ac.kr
2020,대학교,대전,대전 대덕구,한남대학교,Hannam University,본교,기존,사립,34430,"대전광역시 대덕구 한남로 70 (오정동, 한남대학교)",042-629-7114,042-629-5874,www.hannam.ac.kr
2020,대학교,대전,대전 유성구,한밭대학교,Hanbat National University,본교,기존,국립,34158,"대전광역시 유성구 동서대로 125 (덕명동, 한밭대학교)",042-821-1038        ,042-825-5395        ,www.hanbat.ac.kr
2020,대학교,울산,울산 울주군,울산과학기술원,Ulsan National Institute of Science and Technology,본교,기존,특별법법인,44919,"울산광역시 울주군 언양읍 유니스트길 50 (반연리, 울산과학기술대학교)",052-217-0114        ,052-217-1149,www.unist.ac.kr
2020,대학교,울산,울산 남구,울산대학교,University of Ulsan,본교,기존,사립,44610,"울산광역시 남구 대학로 93 (무거동, 울산대학교)",052-277-3101,052-277-3419,www.ulsan.ac.kr
2020,대학교,세종,세종 ,고려대학교 세종캠퍼스,Korea University Sejong Campus,분교1,기존,사립,30019,"세종특별자치시 조치원읍 세종로 2511 (서창리, 고려대학교세종캠퍼스)",044-860-1114        ,044-860-1048     ,sejong.korea.ac.kr
2020,대학교,세종,세종 ,대전가톨릭대학교,DAEJEONCATHOLICUNIVERSITY,본교,기존,사립,30006,"세종특별자치시 전의면 가톨릭대학로 30 (신방리, 대전가톨릭대학교)",044-861-7101        ,044-861-7106        ,dcatholic.ac.kr
2020,대학교,세종,세종 ,홍익대학교 세종캠퍼스,Hongik University,분교1,폐교,사립,30016,"세종특별자치시 조치원읍 세종로 2639 (신안리, 홍익대학교세종캠퍼스)",044-860-2114,044-860-2238,sejong.hongik.ac.kr
2020,대학교,세종,세종 ,홍익대학교 세종캠퍼스,Hongik University,제2캠퍼스,기존,사립,30016,"세종특별자치시 조치원읍 세종로 2639 (신안리, 홍익대학교세종캠퍼스)",044-860-2114,044-860-2238,http://sejong.hongik.ac.kr/index.do
2020,대학교,경기,경기 성남시,가천대학교,Gachon University,본교,기존,사립,13120,"경기도 성남시 수정구 성남대로 1342 (복정동, 가천대학교)",031-750-5114  ,031-753-8828        ,www.gachon.ac.kr
2020,대학교,경기,경기 부천시,가톨릭대학교,The Catholic University of Korea,본교,기존,사립,14662,"경기도 부천시 원미구 지봉로 43 (역곡동, 가톨릭대학교성심교정)",02-2164-4114        ,02-2164-4754        ,www.catholic.ac.kr
2020,대학교,경기,경기 용인시,강남대학교,KANGNAM University,본교,기존,사립,16979,"경기도 용인시 기흥구 강남로 40 (구갈동, 강남대학교)",031-280-3500        ,031-281-3604        ,www.kangnam.ac.kr
2020,대학교,경기,경기 수원시,경기대학교,KYONGGI UNIVERSITY,본교,기존,사립,16227,"경기도 수원시 영통구 광교산로 154-42 (이의동, 경기대학교)",031-249-9114        ,031-243-2194,www.kyonggi.ac.kr
2020,대학교,경기,경기 양주시,경동대학교,Kyungdong University,제4캠퍼스,기존,사립,11458,경기도 양주시 경동대학로 27 (고암동),031-869-9900,031-869-9909,www.kduniv.ac.kr
2020,대학교,경기,경기 용인시,단국대학교,DANKOOK UNIVERSITY,본교,기존,사립,16890,"경기도 용인시 수지구 죽전로 152 (죽전동, 단국대학교죽전캠퍼스)",1899-3700,031-8005-2116       ,www.dankook.ac.kr
2020,대학교,경기,경기 포천시,대진대학교,DAEJIN UNIVERSITY,본교,기존,사립,11159,"경기도 포천시 호국로 1007 (선단동, 대진대학교)",031-539-1114        ,031-539-1115        ,www.daejin.ac.kr
2020,대학교,경기,경기 용인시,루터대학교,LUTHER UNIVERSITY,본교,기존,사립,17072,"경기도 용인시 기흥구 금화로82번길 20 (상갈동, 루터대학교)",031-679-2300,031-283-1505,www.ltu.ac.kr
2020,대학교,경기,경기 용인시,명지대학교 자연캠퍼스,Myongji University natural science campus,본교,기존,사립,17058,"경기도 용인시 처인구 명지로 116 (남동, 명지대학교용인캠퍼스)",1577-0020,031-332-2459        ,www.mju.ac.kr
2020,대학교,경기,경기 부천시,서울신학대학교,SEOUL THEOLOGICAL UNIVERSITY,본교,기존,사립,14754,"경기도 부천시 소사구 호현로489번길 52 (소사본동, 서울신학대학교)",032-340-9114,032-349-9400,www.stu.ac.kr
2020,대학교,경기,경기 광주시,서울장신대학교,SEOUL JANGSIN UNIVERSITY,본교,기존,사립,12749,"경기도 광주시 경안로 145 (경안동, 서울장신대학교)",031-799-9000        ,031-765-1232        ,www.sjs.ac.kr
2020,대학교,경기,경기 안양시,성결대학교,SUNGKYUL UNIVERSITY,본교,기존,사립,14097,"경기도 안양시 만안구 성결대학로 53 (안양동, 성결대학교)",031-467-8114        ,031-449-0529        ,www.sungkyul.edu
2020,대학교,경기,경기 화성시,수원가톨릭대학교,SUWON CATHOLIC UNIVERSITY,본교,기존,사립,18332,"경기도 화성시 봉담읍 왕림1길 67 (왕림리, 수원가톨릭대학교)",031-290-8800        ,031-227-4526        ,www.suwoncatholic.ac.kr
2020,대학교,경기,경기 화성시,수원대학교,UNIVERSITY OF SUWON,본교,기존,사립,18323,"경기도 화성시 봉담읍 와우안길 17 (와우리, 수원대학교)",031-220-2114   ,,suwon.ac.kr
2020,대학교,경기,경기 화성시,신경대학교,Shingyeong University,본교,기존,사립,18274,"경기도 화성시 남양읍 남양중앙로 400-5 (남양리, 신경대학교)",031-369-9112        ,031-369-9116        ,www.sgu.ac.kr
2020,대학교,경기,경기 동두천시,신한대학교,Shinhan University,본교,기존,사립,11340,"경기도 동두천시 벌마들로40번길 30 (상패동, 신한대학교)",031-870-3114,031-870-2939,http://www.shinhan.ac.kr
2020,대학교,경기,경기 의정부시,신한대학교,Shinhan University,제2캠퍼스,기존,사립,11644,"경기도 의정부시 호암로 95 (호원동, 신한대학교)",031-870-3114,031-870-2939,http://www.shinhan.ac.kr
2020,대학교,경기,경기 양평군,아세아연합신학대학교,Asia United Theological University,본교,기존,사립,12508,"경기도 양평군 옥천면 경강로 1276 (아신리, 아세아연합신학대학교)",031-770-7700        ,031-772-5479        ,www.acts.ac.kr
2020,대학교,경기,경기 수원시,아주대학교,Ajou University,본교,기존,사립,16499,"경기도 수원시 영통구 월드컵로 206 (원천동, 아주대학교)",031-219-2114        ,031-213-5158        ,www.ajou.ac.kr
2020,대학교,경기,경기 안양시,안양대학교,Anyang University,본교,기존,사립,14028,"경기도 안양시 만안구 삼덕로37번길 22 (안양동, 안양대학교)",031-467-0700        ,031-467-0778,www.anyang.ac.kr/main.do
2020,대학교,경기,경기 양주시,예원예술대학교,yewon arts university,제2캠퍼스,기존,사립,11429,"경기도 양주시 은현면 화합로1134번길 110 (용암리, 예원예술대학교양주캠퍼스)",031-869-0526,031-859-8114,www.yewon.ac.kr
2020,대학교,경기,경기 용인시,용인대학교,Yong In University,본교,기존,사립,17092,"경기도 용인시 처인구 용인대학로 134 (삼가동, 용인대학교)",031-8020-3114,031-332-6479        ,www.yongin.ac.kr
2020,대학교,경기,경기 성남시,을지대학교,Eulji University,제2캠퍼스,기존,사립,13135,"경기도 성남시 수정구 산성대로 553 (양지동, 을지대학교)",031-740-7114,031-740-7195,www.eulji.ac.kr
2020,대학교,경기,경기 안성시,중앙대학교 안성캠퍼스,Chung-Ang University,제2캠퍼스,기존,사립,17546,"경기도 안성시 대덕면 서동대로 4726 (내리, 중앙대학교)",031-670-3114        ,,www.cau.ac.kr
2020,대학교,경기,경기 김포시,중앙승가대학교,Joong-Ang Sangha University,본교,기존,사립,10118,경기도 김포시 승가로 123 (풍무동),031-980-7777        ,031-980-7778        ,https://admission.sangha.ac.kr
2020,대학교,경기,경기 포천시,차의과학대학교,CHA University,본교,기존,사립,11160,"경기도 포천시 해룡로 120 (동교동, 포천중문의과대학)",1899-2010,031-543-2716,www.cha.ac.kr
2020,대학교,경기,경기 용인시,칼빈대학교,Calvin University,본교,기존,사립,16911,"경기도 용인시 기흥구 마북로 184 (마북동, 칼빈대학교)",031-284-4752~5,031-284-4588,www.calvin.ac.kr
2020,대학교,경기,경기 평택시,평택대학교,PYEONGTAEK UNIVERSITY,본교,기존,사립,17869,"경기도 평택시 서동대로 3825 (용이동, 평택대학교)",031-659-8114        ,031-659-8011        ,www.ptu.ac.kr
2020,대학교,경기,경기 안성시,한경대학교,Hankyong National University,본교,기존,국립,17579,경기도 안성시 중앙로 327 (석정동),031-670-5114        ,031-670-5469        ,www.hknu.ac.kr
2020,대학교,경기,경기 시흥시,한국산업기술대학교,Korea Polytechnic University,본교,기존,사립,15073,"경기도 시흥시 산기대학로 237 (정왕동, 한국산업기술대학교)",,,www.kpu.ac.kr
2020,대학교,경기,경기 고양시,한국항공대학교,KOREA AEROSPACE UNIVERSITY,본교,기존,사립,10540,"경기도 고양시 덕양구 항공대학로 76 (화전동, 한국항공대학교)",02-300-0114         ,02-3158-5769        ,www.kau.ac.kr
2020,대학교,경기,경기 동두천시,한북대학교,HANBUK UNIVERSITY,본교,폐교,사립,11340,"경기도 동두천시 벌마들로40번길 30 (상패동, 신한대학교)",031-870-2900,031-870-2939,http://www.shinhan.ac.kr
2020,대학교,경기,경기 군포시,한세대학교,HANSEI UNIVERSITY,본교,기존,사립,15852,"경기도 군포시 한세로 30 (당정동, 한세대학교)",031-450-5114        ,031-457-6517        ,www.hansei.ac.kr
2020,대학교,경기,경기 오산시,한신대학교,HANSHIN UNIVERSITY,본교,기존,사립,18101,"경기도 오산시 한신대길 137 (양산동, 한신대학교)",031-379-0114        , ,www.hs.ac.kr
2020,대학교,경기,경기 안산시,한양대학교,Hanyang University ERICA campus,분교1,기존,사립,15588,"경기도 안산시 상록구 한양대학로 55 (사동, 한양대학교)",02-2220-0114,,http://www.hanyang.ac.kr/
2020,대학교,경기,경기 화성시,협성대학교,Hyupsung University,본교,기존,사립,18330,"경기도 화성시 봉담읍 최루백로 72 (상리, 협성대학교)",031)299-0900        ,031)227-3131        ,www.uhs.ac.kr
2020,대학교,강원,강원 강릉시,가톨릭관동대학교,Catholic Kwandong University,본교,기존,사립,25601,"강원도 강릉시 범일로579번길 24 (내곡동, 가톨릭관동대학교)",033-649-7114,033-649-7874,www.cku.ac.kr
2020,대학교,강원,강원 강릉시,강릉원주대학교,Gangneung-Wonju National University,본교,기존,국립,25457,"강원도 강릉시 죽헌길 7 (지변동, 강릉원주대학교)",033-640-7001,033-643-7110,www.gwnu.ac.kr
2020,대학교,강원,강원 원주시,강릉원주대학교,Gangneung-Wonju National University,제2캠퍼스,기존,국립,26403,"강원도 원주시 흥업면 남원로 150 (흥업리, 강릉원주대학교원주캠퍼스)",033-760-8114,033-760-8019,www.gwnu.ac.kr
2020,대학교,강원,강원 춘천시,강원대학교,Kangwon National University,본교,기존,국립,24341,"강원도 춘천시 강원대학길 1 (효자동, 강원대학교)",033-250-6114,033-251-9556,www.kangwon.ac.kr/
2020,대학교,강원,강원 삼척시,강원대학교,Kangwon National University,제2캠퍼스,기존,국립,25913,"강원도 삼척시 중앙로 346 (교동, 강원대학교삼척캠퍼스)",033-570-6114,033-572-8620,www.kangwon.ac.kr/
2020,대학교,강원,강원 고성군,경동대학교,kyungdong university,본교,기존,사립,24764,"강원도 고성군 토성면 봉포4길 46 (봉포리, 경동대학교)",033-631-2000,033-631-9542,www.kduniv.ac.kr
2020,대학교,강원,강원 원주시,경동대학교,kyungdong university,제3캠퍼스,기존,사립,26495,"강원도 원주시 문막읍 견훤로 815 (후용리, 경동대학교)",033-738-1200,033-738-1209,www.kduniv.ac.kr
2020,대학교,강원,강원 원주시,상지대학교,SANGJI UNIVERSITY,본교,기존,사립,26339,"강원도 원주시 상지대길 83 (우산동, 상지대학교)",033-730-0114,033-745-2433,www.sangji.ac.kr
2020,대학교,강원,강원 원주시,연세대학교 미래캠퍼스,YONSEI UNIVERSITY MIRAE CAMPUS,분교1,학교명 변경,사립,26493,"강원도 원주시 흥업면 연세대길 1 (매지리, 연세대학교)",033-760-2114        ,033-762-4332        ,www.yonsei.ac.kr/wj
2020,대학교,강원,강원 원주시,한라대학교,Halla University,본교,기존,사립,26404,"강원도 원주시 흥업면 한라대길 28 (흥업리, 한라대학교)",033-760-1114,033-762-6705,www.halla.ac.kr
2020,대학교,강원,강원 춘천시,한림대학교,Hallym University,본교,기존,사립,24252,"강원도 춘천시 한림대학길 1 (옥천동, 한림대학교)",033-248-1000,,
2020,대학교,충북,충북 충주시,건국대학교,KONKUK UNIVERSITY,분교1,기존,사립,27478,"충청북도 충주시 충원대로 268 (단월동, 건국대학교GLOCAL캠퍼스)",043-840-3114        ,043-851-6136        ,www.kku.ac.kr
2020,대학교,충북,충북 음성군,극동대학교,FAR EAST UNIVERSITY,본교,기존,사립,27601,"충청북도 음성군 감곡면 대학길 76-32 (왕장리, 극동대학교)",043-879-3500        ,043-882-3310        ,www.kdu.ac.kr
2020,대학교,충북,충북 청주시,꽃동네대학교,Kkottongnae University,본교,기존,사립,28211,"충청북도 청주시 서원구 현도면 상삼길 133 (상삼리, 꽃동네대학교)",043-270-0114        ,043-270-0120        ,www.kkot.ac.kr
2020,대학교,충북,충북 청주시,서원대학교,SEOWON UNIVERSITY,본교,기존,사립,28674,"충청북도 청주시 서원구 무심서로 377-3 (모충동, 서원대학교)",043-299-8114,043-283-8822,www.seowon.ac.kr
2020,대학교,충북,충북 제천시,세명대학교,SEMYUNG UNIVERSITY,본교,기존,사립,27136,"충청북도 제천시 세명로 65 (신월동, 세명대학교)",043-645-1125,043-644-2111,http://www.semyung.ac.kr
2020,대학교,충북,충북 영동군,유원대학교,U1 UNIVERSITY,본교,기존,사립,29131,"충청북도 영동군 영동읍 대학로 310 (설계리, U1대학교)",043-740-1114        ,043-740-1249,www.u1.ac.kr
2020,대학교,충북,충북 괴산군,중원대학교,JUNGWON UNIVERSITY,본교,기존,사립,28024,"충청북도 괴산군 괴산읍 문무로 85 (동부리, 중원대학교)",043-830-8114,043-830-8115,www.jwu.ac.kr
2020,대학교,충북,충북 청주시,청주대학교,Cheongju University,본교,기존,사립,28503,"충청북도 청주시 청원구 대성로 298 (내덕동, 청주대학교)",043-229-8114,043-229-8110        ,www.cju.ac.kr
2020,대학교,충북,충북 청주시,충북대학교,Chungbuk National University,본교,기존,국립,28644,"충청북도 청주시 서원구 충대로 1 (개신동, 충북대학교)","043-261-2114,3114   ",043-263-0612,www.chungbuk.ac.kr
2020,대학교,충북,충북 청주시,한국교원대학교,Korea National University Of Education,본교,기존,국립,28173,"충청북도 청주시 흥덕구 강내면 태성탑연로 250 (다락리, 한국교원대학교)",043-230-3114        ,043-233-2960        ,www.knue.ac.kr
2020,대학교,충북,충북 충주시,한국교통대학교,KOREA NATIONAL UNIVERSITY OF TRANSPORTATION,본교,기존,국립,27469,"충청북도 충주시 대소원면 대학로 50 (검단리, 한국교통대학교)",043-841-5000       ,043-853-1236        ,www.ut.ac.kr
2020,대학교,충남,충남 논산시,건양대학교,KONYANG UNIVERSITY,본교,기존,사립,32992,"충청남도 논산시 대학로 121 (내동, 건양대학교)",041-730-5114        ,041-733-2070        ,www.konyang.ac.kr
2020,대학교,충남,충남 공주시,공주대학교,Kongju National University,본교,기존,국립,32588,"충청남도 공주시 공주대학로 56 (신관동, 공주대학교)",041-850-8114        ,,http://www.kongju.ac.kr/
2020,대학교,충남,충남 논산시,금강대학교,GEUMGANG UNIVERSITY,본교,기존,사립,32906,"충청남도 논산시 상월면 상월로 522 (대명리, 금강대학교)",041-731-3114,041-731-3048,www.ggu.ac.kr
2020,대학교,충남,충남 천안시,나사렛대학교,Korea Nazarene University,본교,기존,사립,31172,"충청남도 천안시 서북구 월봉로 48 (쌍용동, 나사렛대학교)",041-570-7700        ,041-570-7725        ,www.kornu.ac.kr
2020,대학교,충남,충남 천안시,남서울대학교,Namseoul University,본교,기존,사립,31020,"충청남도 천안시 서북구 성환읍 대학로 91 (매주리, 남서울대학교)",041-580-2000        ,041-582-2117        ,http://www.nsu.ac.kr
2020,대학교,충남,충남 천안시,단국대학교,DANKOOK UNIVERSITY,제2캠퍼스,기존,사립,31116,"충청남도 천안시 동남구 단대로 119 (안서동, 단국대학교천안캠퍼스)",1899-3700,041-550-1119,www.dankook.ac.kr
2020,대학교,충남,충남 천안시,백석대학교,BAEKSEOK UNIVERSITY,본교,기존,사립,31065,"충청남도 천안시 동남구 문암로 76 (안서동, 백석대학교)",041-550-9114        ,,www.bu.ac.kr
2020,대학교,충남,충남 천안시,상명대학교,SANGMYUNG UNIVERSITY,제2캠퍼스,기존,사립,31066,"충청남도 천안시 동남구 상명대길 31 (안서동, 상명대학교천안캠퍼스)",041-550-5114,041-550-5032,www.smuc.ac.kr
2020,대학교,충남,충남 아산시,선문대학교,SUNMOON UNIVERSITY,본교,기존,사립,31460,"충청남도 아산시 탕정면 선문로221번길 70 (갈산리, 선문대학교)",041-530-2114        ,041-541-7424  ,www.sunmoon.ac.kr
2020,대학교,충남,충남 아산시,순천향대학교,Soonchunhyang University,본교,기존,사립,31538,"충청남도 아산시 신창면 순천향로 22 (읍내리, 순천향대학교)",041-530-1114        ,041-542-4615        ,www.sch.ac.kr
2020,대학교,충남,충남 금산군,중부대학교,JOONGBU UNIVERSITY,본교,기존,사립,32713,"충청남도 금산군 추부면 대학로 201 (마전리, 중부대학교)",041-750-6500        ,041-750-6060        ,www.joongbu.ac.kr
2020,대학교,충남,충남 천안시,한국기술교육대학교,Korea University Of Technology And Education,본교,기존,사립,31253,"충청남도 천안시 동남구 병천면 충절로 1600 (가전리, 한국기술교육대학교)",041-560-1114 ,041-560-2519,www.koreatech.ac.kr
2020,대학교,충남,충남 부여군,한국전통문화대학교,KOREA NATIONAL UNIVERSITY OF CULTURAL HERITAGE,본교,기존,특별법국립,33115,"충청남도 부여군 규암면 백제문로 367 (합정리, 한국전통문화학교)",041-830-7114        ,,www.nuch.ac.kr
2020,대학교,충남,충남 서산시,한서대학교,Hanseo University,본교,기존,사립,31962,"충청남도 서산시 해미면 한서1로 46 (대곡리, 한서대학교)",041-660-1144        ,041-660-1149        ,www.hanseo.ac.kr
2020,대학교,충남,충남 아산시,호서대학교,HOSEO University,본교,기존,사립,31499,"충청남도 아산시 배방읍 호서로79번길 20 (세출리, 호서대학교)",041-540-5114        ,041-540-5159        ,www.hoseo.ac.kr
2020,대학교,전북,전북 군산시,군산대학교,KUNSAN NATIONAL UNIVERSITY,본교,기존,국립,54150,"전라북도 군산시 대학로 558 (미룡동, 군산대학교)",063-469-4113        ,,www.kunsan.ac.kr/index.kunsan
2020,대학교,전북,전북 전주시,예수대학교,Jesus University,본교,기존,사립,54989,"전라북도 전주시 완산구 서원로 383 (중화산동1가, 예수대학교)",063-230-7700        ,063-286-2216        ,www.jesus.ac.kr
2020,대학교,전북,전북 임실군,예원예술대학교,yewon arts university,본교,기존,사립,55913,"전라북도 임실군 신평면 창인로 117 (창인리, 예원예술학교)",063-640-7114        ,063-640-7773        ,www.yewon.ac.kr
2020,대학교,전북,전북 완주군,우석대학교,WOOSUK UNIVERSITY,본교,기존,사립,55338,"전라북도 완주군 삼례읍 삼례로 443 (후정리, 우석대학교)",063-290-1114,063-291-9312,www.woosuk.ac.kr
2020,대학교,전북,전북 익산시,원광대학교,Wonkwang University,본교,기존,사립,54538,"전라북도 익산시 익산대로 460 (신동, 원광대학교)",063-850-5114        ,063-850-6666        ,www.wonkwang.ac.kr
2020,대학교,전북,전북 전주시,전북대학교,Jeonbuk National University,본교,기존,국립,54896,"전라북도 전주시 덕진구 백제대로 567 (금암동, 전북대학교)",063-270-2114,063-276-0429,www.jbnu.ac.kr
2020,대학교,전북,전북 전주시,전주대학교,Jeonju University,본교,기존,사립,55069,"전라북도 전주시 완산구 천잠로 303 (효자동2가, 전주대학교)",1577-7177 ,063-220-2464        ,www.jj.ac.kr
2020,대학교,전북,전북 완주군,한일장신대학교,Hanil Univ.&Presb.theol.sem.,본교,기존,사립,55359,"전라북도 완주군 상관면 왜목로 726-15 (신리, 한일장신대학교)",063-230-5400        ,063-284-7863,www.hanil.ac.kr
2020,대학교,전남,전남 나주시,광주가톨릭대학교,Gwangju Catholic University,본교,기존,사립,58230,"전라남도 나주시 남평읍 중남길 12-25 (남석리, 광주가톨릭대학교)",061-337-2181        ,061-337-2185        ,www.gjcatholic.ac.kr
2020,대학교,전남,전남 나주시,동신대학교,DONGSHINUNIVERSITY,본교,기존,사립,58245,"전라남도 나주시 동신대길 67 (대호동, 동신대학교중앙도서관동)",061-330-3114        ,061-330-2909        ,www.dsu.ac.kr
2020,대학교,전남,전남 목포시,목포가톨릭대학교,Mokpo Catholic University,본교,기존,사립,58607,"전라남도 목포시 영산로 697 (석현동, 목포가톨릭대학교)",061-280-5005        ,061-280-5109        ,http://www.mcu.ac.kr
2020,대학교,전남,전남 무안군,목포대학교,Mokpo National University,본교,기존,국립,58554,"전라남도 무안군 청계면 영산로 1666 (도림리, 목포대학교)",061-450-2114        ,061-452-4793        ,www.mokpo.ac.kr
2020,대학교,전남,전남 목포시,목포해양대학교,Mokpo National Maritime University,본교,기존,국립,58628,"전라남도 목포시 해양대학로 91 (죽교동, 목포해양대학교)",061-240-7114        ,061-240-7853,www.mmu.ac.kr
2020,대학교,전남,전남 영암군,세한대학교,SEHAN UNIVERSITY,본교,기존,사립,58447,"전라남도 영암군 삼호읍 녹색로 1113 (산호리, 세한대학교)",061-469-1114        ,061-462-2510        ,www.sehan.ac.kr
2020,대학교,전남,전남 순천시,순천대학교,SUNCHON NATIONAL UNIVERSITY,본교,기존,국립,57922,"전라남도 순천시 중앙로 255 (석현동, 순천대학교)",061-750-3114        ,,www.sunchon.ac.kr
2020,대학교,전남,전남 영광군,영산선학대학교,youngsan university of seon studies,본교,기존,사립,57026,전라남도 영광군 백수읍 성지로 1357 (길용리),061-350-6015        ,061-350-6040        ,www.youngsan.ac.kr
2020,대학교,전남,전남 여수시,전남대학교,Chonnam National University,제2캠퍼스,기존,국립,59626,"전라남도 여수시 대학로 50 (둔덕동, 전남대학교여수캠퍼스)",061-659-6114        ,061-659-7003        ,http://www.jnu.ac.kr
2020,대학교,전남,전남 무안군,초당대학교,CHODANG UNIVERSITY,본교,기존,사립,58530,"전라남도 무안군 무안읍 무안로 380 (성남리, 초당대학교)",061-453-4960        ,061-453-4969        ,www.cdu.ac.kr
2020,대학교,전남,전남 광양시,한려대학교,HANLYO UNIVERSITY,본교,기존,사립,57764,"전라남도 광양시 광양읍 한려대길 94-13 (덕례리, 한려대학교)",061-760-1114        ,061-761-6701        ,www.hanlyo.ac.kr
2020,대학교,경북,경북 고령군,가야대학교,KAYA UNIVERSITY,제2캠퍼스,기존,사립,40139,"경상북도 고령군 대가야읍 대가야로 1103 (지산리, 가야대학교)",055-330-1000,055-331-0112,http://www.kaya.ac.kr
2020,대학교,경북,경북 구미시,경운대학교,Kyungwoon University,본교,기존,사립,39160,"경상북도 구미시 산동면 강동로 730 (인덕리, 경운대학교)",054-479-1114,054-479-1029,www.ikw.ac.kr
2020,대학교,경북,경북 경산시,경일대학교,KYUNGIL UNIVERSITY,본교,기존,사립,38428,"경상북도 경산시 하양읍 가마실길 50 (부호리, 경일대학교)",053-600-4000        ,053-600-4020    ,www.kiu.ac.kr
2020,대학교,경북,경북 경주시,경주대학교,Gyeongju University,본교,기존,사립,38065,"경상북도 경주시 태종로 188 (효현동, 경주대학교)",054-770-5114        ,054-748-5553        ,www.gu.ac.kr
2020,대학교,경북,경북 구미시,금오공과대학교,Kumoh National Institute of Technology,본교,기존,국립,39177,"경상북도 구미시 대학로 61 (양호동, 금오공과대학교)",054-478-7114        ,054-478-7100        ,www.kumoh.ac.kr
2020,대학교,경북,경북 김천시,김천대학교,GIMCHEON UNIVERSITY,본교,기존,사립,39528,"경상북도 김천시 대학로 214 (삼락동, 김천대학교)",054-420-4000,054-420-4003,www.gimcheon.ac.kr
2020,대학교,경북,경북 경산시,대구가톨릭대학교,DAEGU CATHOLIC UNIVERSITY,본교,기존,사립,38430,"경상북도 경산시 하양읍 하양로 13-13 (금락리, 대구가톨릭대학교)",053-850-3114,053-359-7000,http://www.cu.ac.kr/
2020,대학교,경북,경북 경산시,대구대학교,Daegu University,본교,기존,사립,38453,"경상북도 경산시 진량읍 대구대로 201 (내리리, 대구대학교경산캠퍼스)",053-850-5000,053-850-5449,www.daegu.ac.kr
2020,대학교,경북,경북 칠곡군,대구예술대학교,DAEGU ARTS UNIVERSITY,본교,기존,사립,39851,"경상북도 칠곡군 가산면 다부거문1길 202 (다부리, 대구예술대학교)",054-973-5311        ,054-973-5319        ,www.dgau.ac.kr
2020,대학교,경북,경북 경산시,대구한의대학교,Daegu Haany University,본교,기존,사립,38610,"경상북도 경산시 한의대로 1 (유곡동, 대구한의대학교)",053-819-1000        ,053-819-1258        ,www.dhu.ac.kr
2020,대학교,경북,경북 경산시,대신대학교,Daeshin University,본교,기존,사립,38649,"경상북도 경산시 경청로222길 33 (백천동, 대신대학교)",053-810-0701        ,053-813-0006        ,www.daeshin.ac.kr
2020,대학교,경북,경북 경주시,동국대학교,DONGGUK UNIVERSITY,분교1,기존,사립,38066,"경상북도 경주시 동대로 123 (석장동, 동국대학교경주캠퍼스)",054-770-2114        ,054-770-2001        ,web.dongguk.ac.kr
2020,대학교,경북,경북 영주시,동양대학교,DONGYANG UNIVERSITY,본교,기존,사립,36040,"경상북도 영주시 풍기읍 동양대로 145 (산법리, 동양대학교)",054-630-1114,054-636-8523,www.dyu.ac.kr
2020,대학교,경북,경북 안동시,안동대학교,Andong National University,본교,기존,국립,36729,"경상북도 안동시 경동로 1375 (송천동, 안동대학교)",054-820-5114,054-820-7115      ,www.andong.ac.kr
2020,대학교,경북,경북 경산시,영남대학교,Yeungnam University,본교,기존,사립,38541,"경상북도 경산시 대학로 280 (대동, 영남대학교)",053-810-2114        ,053-810-2036        ,www.yu.ac.kr
2020,대학교,경북,경북 경산시,영남신학대학교,YoungnamTheologicalUniversity&Seminary,본교,기존,사립,38451,"경상북도 경산시 진량읍 봉회1길 26 (봉회리, 영남신학대학교)",053-850-0500        ,053-852-9815        ,www.ytus.ac.kr
2020,대학교,경북,경북 경주시,위덕대학교,Uiduk University,본교,기존,사립,38004,"경상북도 경주시 강동면 동해대로 261 (유금리, 위덕대학교)",054-760-1114,054-760-1229,www.uu.ac.kr
2020,대학교,경북,경북 포항시,포항공과대학교,Pohang University of Science and Technology,본교,기존,사립,37673,"경상북도 포항시 남구 청암로 77 (지곡동, 포항공과대학교)",054-279-0114,054-279-2993,www.postech.ac.kr
2020,대학교,경북,경북 포항시,한동대학교,Handong Global University,본교,기존,사립,37554,"경상북도 포항시 북구 흥해읍 한동로 558 (남송리, 한동대학교)",054-260-1111        ,054-260-1149        ,www.handong.edu
2020,대학교,경남,경남 김해시,가야대학교,kaya university,본교,기존,사립,50830,경상남도 김해시 삼계로 208 (삼계동),055-330-1000,055-331-0983,http://www.kaya.ac.kr/main/kaya_main.aspx
2020,대학교,경남,경남 진주시,경남과학기술대학교,Gyeongnam National University of science and technology,본교,기존,국립,52725,"경상남도 진주시 동진로 33 (칠암동, 경남과학기술대학교)",055-751-3114,055-752-9554,www1.gntech.ac.kr/web/www/
2020,대학교,경남,경남 창원시,경남대학교,Kyungnam University,본교,기존,사립,51767,"경상남도 창원시 마산합포구 경남대학로 7 (월영동, 경남대학교)",055-245-5000,055-246-6184,www.kyungnam.ac.kr
2020,대학교,경남,경남 진주시,경상대학교,GYEONGSANG NATIONAL UNIVERSITY,본교,기존,국립,52828,"경상남도 진주시 진주대로 501 (가좌동, 경상대학교)",055-772-0114,055-772-0359,"www.gnu.ac.kr		"
2020,대학교,경남,경남 김해시,부산장신대학교,BusanPresbyterianUniversity,본교,기존,사립,50883,경상남도 김해시 김해대로 1894-68 (구산동),055-320-2500        ,055-339-1161        ,www.bpu.ac.kr
2020,대학교,경남,경남 양산시,영산대학교,YOUNGSAN UNIVERSITY,본교,기존,사립,50510,"경상남도 양산시 주남로 288 (주남동, 영산대학교양산캠퍼스)",055-380-9114        ,055-366-4374        ,www.ysu.ac.kr
2020,대학교,경남,경남 김해시,인제대학교,Inje University,본교,기존,사립,50834,"경상남도 김해시 인제로 197 (어방동, 인제대학교)",055-334-7111,055-334-0712 ,www.inje.ac.kr
2020,대학교,경남,경남 창원시,창신대학교,Chang shin University,본교,기존,사립,51352,"경상남도 창원시 마산회원구 팔용로 262 (합성동, 창신대학)",055-250-1200,055-297-5181,www.cs.ac.kr
2020,대학교,경남,경남 창원시,창원대학교,Changwon National University,본교,기존,국립,51140,"경상남도 창원시 의창구 창원대학로 20 (사림동, 창원대학교)",055-213-2114        ,055-283-2970,www.changwon.ac.kr
2020,대학교,경남,경남 진주시,한국국제대학교,INTERNATIONAL UNIVERSITY OF KOREA,본교,기존,사립,52833,"경상남도 진주시 문산읍 동부로 965 (상문리, 한국국제대학교)",055-751-8114,055-761-7407,www.iuk.ac.kr
2020,대학교,제주,제주 제주시,제주국제대학교,JejuInternationalUniversity,본교,기존,사립,63309,제주특별자치도 제주시 516로 2870 (영평동),064-754-0200        ,064-702-8330      ,www.jeju.ac.kr
2020,대학교,제주,제주 제주시,제주대학교,Jeju National  University,본교,기존,국립,63243,"제주특별자치도 제주시 제주대학로 102 (아라일동, 제주대학교)",064-754-2114,064-755-6130,www.jejunu.ac.kr
2020,방송통신대학,서울,서울 종로구,한국방송통신대학교,korea national open university,본교,기존,국립,03087,"서울특별시 종로구 대학로 86 (동숭동, 한국방송통신대학교)",1577-9995      ,      ,www.knou.ac.kr
2020,산업대학,대전,대전 동구,우송대학교(산업대),WOOSONG UNIVERSITY,본교,폐교,사립,34606,"대전광역시 동구 동대전로 171 (자양동, 우송정보대학,우송대서캠퍼스)",042-630-9600        ,042-631-2346        ,www.wsu.ac.kr
2020,산업대학,대전,대전 유성구,한밭대학교,Hanbat National University,본교,폐교,국립,34158,"대전광역시 유성구 동서대로 125 (덕명동, 한밭대학교)",042-821-1038        ,042-825-5395        ,www.hanbat.ac.kr
2020,산업대학,경기,경기 안성시,한경대학교(산업대),Hankyong National University,본교,폐교,국립,17579,경기도 안성시 중앙로 327 (석정동),031-670-5114        ,,www.hknu.ac.kr
2020,산업대학,경기,경기 시흥시,한국산업기술대학교,Korea Polytech University,본교,폐교,사립,15073,"경기도 시흥시 산기대학로 237 (정왕동, 한국산업기술대학교)",,,
2020,산업대학,충남,충남 천안시,남서울대학교,Namseoul University,본교,폐교,사립,31020,"충청남도 천안시 서북구 성환읍 대학로 91 (매주리, 남서울대학교)",041-580-2000        ,041-580-2117        ,http://www.nsu.ac.kr
2020,산업대학,충남,충남 홍성군,청운대학교,CHUNGWOON UNIVERSITY,본교,기존,사립,32244,"충청남도 홍성군 홍성읍 대학길 25 (남장리, 청운대학교)",041-630-3114        ,041-634-8700        ,www.chungwoon.ac.kr
2020,산업대학,전북,전북 군산시,호원대학교,HOWON University,본교,기존,사립,54058,"전라북도 군산시 임피면 호원대3길 64 (월하리, 호원대학교)",063-450-7114,063-450-7777,www.howon.ac.kr 
2020,산업대학,경북,경북 구미시,경운대학교,Kyungwoon University,본교,폐교,사립,39160,"경상북도 구미시 산동면 강동로 724-5 (인덕리, 경운대학교)",054-479-1114        ,054-479-1029        ,www.ikw.ac.kr
2020,산업대학,경남,경남 진주시,진주산업대학교,JINJU NATIONAL UNIVERSITY,본교,폐교,국립,52725,"경상남도 진주시 동진로 33 (칠암동, 경남과학기술대학교)",055-751-3114        ,055-752-9554        ,
2020,기술대학,서울,서울 강서구,정석대학,JUNGSEOK INSTITUTE OF TECHNOLOGY,본교,기존,사립,07505,"서울특별시 강서구 하늘길 260 (공항동, 대한항공)",02-2660-5390        ,02-2660-5394        ,
2020,각종대학(대학),서울,서울 성북구,한국예술종합학교,Korea National University of Arts,본교,기존,특별법국립,02789,"서울특별시 성북구 화랑로32길 146-37 (석관동, 한국종합예술학교)",02-746-9000,02-746-9444,www.karts.ac.kr
2020,각종대학(대학),충북,충북 제천시,순복음총회신학교,Korea Christian College,본교,기존,사립,27223,충청북도 제천시 덕산면 도전로 320 (도전리),043-645-5571,043-642-4530,www.kcc.ac.kr
2020,원격대학(전문),경기,경기 광주시,세계사이버대학,world cyber college,본교,기존,사립,12771,경기도 광주시 오포읍 태재로 90 (신현리),031-785-3413    ,031-726-3092        ,www.world.ac.kr
2020,원격대학(대학),경북,경북 경산시,영남사이버대학교,YOUNGNAM CYBER UNIVERSITY,본교,기존,사립,38695,"경상북도 경산시 남천면 남천로 780-9 (협석리, 영남외국어대학)",1577-9602,053-742-5706,www.yncu.ac.kr
2020,사내대학(전문),서울,서울 동작구,SPC식품과학대학,SPC College Of Food Sciece,본교,기존,사립,07068,서울특별시 동작구 신대방16다길 14 (신대방동),02-6331-3519,,
2020,사내대학(전문),울산,울산 동구,현대중공업공과대학,Hyundai Heavy Industries Technical College,본교,기존,사립,44032,"울산광역시 동구 방어진순환도로 1000 (전하동, 현대중공업(주))",052-203-0297,052-250-9066        ,college.hhi.co.kr/
2020,사내대학(전문),전남,전남 광양시,포스코기술대학,POSCO Technology University,제2캠퍼스,기존,사립,57802,"전라남도 광양시 금호로 215 (금호동, 백운아트홀)",054-240-5800,054-240-5809,https://ptu.posco.co.kr:4443
2020,사내대학(전문),경북,경북 포항시,포스코기술대학,POSCO Technology University,본교,기존,사립,37666,"경상북도 포항시 남구 지곡로 120 (지곡동, 포스코인재개발원)",054-240-5800,054-240-5809,https://ptu.posco.co.kr:4443
2020,사내대학(전문),경남,경남 거제시,대우조선해양공과대학,DSME Institute of Technology,본교,기존,사립,53302,"경상남도 거제시 거제대로 3370 (아주동, 대우조선해양)",055-735-2468,055-735-1182        ,
2020,사내대학(전문),경남,경남 거제시,삼성중공업공과대학,Samsung Heavy Industries Institute of Technology,본교,기존,사립,53261,"경상남도 거제시 장평3로 80 (장평동, 삼성중공업(주)거제조선소)",055-630-2096,055-630-2097,
2020,사내대학(대학),서울,서울 영등포구,KDB금융대학교,KDB FINANCIAL UNIVERSITY,본교,기존,사립,07242,"서울특별시 영등포구 은행로 14 (여의도동, 산업은행본점)",02-787-6327,02-787-5595         ,kfu.kdb.co.kr
2020,사내대학(대학),대전,대전 유성구,LH토지주택대학교,LHU(LH University),본교,기존,사립,34047,"대전광역시 유성구 엑스포로539번길 99 (전민동, LH토지주택연구원)",,,
2020,사내대학(대학),경기,경기 용인시,삼성전자공과대학교,SAMSUNG INSTITUTE OF TECHNOLOGY,본교,기존,사립,17113,"경기도 용인시 기흥구 삼성로 1 (농서동, 삼성전자(주)기흥캠퍼스)",031-209-1606,,
2020,사이버대학(대학),서울,서울 동대문구,경희사이버대학교,Kyung Hee Cyber University,본교,기존,사립,02447,"서울특별시 동대문구 경희대로 26 (회기동, 경희사이버대학교)",02-3299-8700        ,02-3299-8529        ,www.khcu.ac.kr
2020,사이버대학(대학),서울,서울 종로구,고려사이버대학교,THE CYBER UNIVERSITY OF KOREA,본교,기존,사립,03051,"서울특별시 종로구 북촌로 106 (계동, 고려사이버대학교)",02-6361-2000,02-6361-1800        ,www.cuk.edu
2020,사이버대학(대학),서울,서울 서대문구,디지털서울문화예술대학교,DIGITAL SEOUL CULTURE ARTS UNIVERSITY,본교,기존,사립,03645,"서울특별시 서대문구 통일로37길 60 (홍제동, 디지털서울문화예술대학교)",1588-7101       ,02-6902-0683    ,www.scau.ac.kr
2020,사이버대학(대학),서울,서울 동대문구,사이버한국외국어대학교,Cyber Hankuk University of Foreign Studies,본교,기존,사립,02450,"서울특별시 동대문구 이문로 107 (이문동, 한국외국어대학교)",02-2173-2580        ,02-966-6183         ,www.cufs.ac.kr
2020,사이버대학(대학),서울,서울 강서구,서울디지털대학교,Seoul Digital University,본교,기존,사립,07654,"서울특별시 강서구 공항대로 424 (화곡동, 서울디지털대학교)",1644-0982,02-2128-3006,www.sdu.ac.kr
2020,사이버대학(대학),서울,서울 강북구,서울사이버대학교,Seoul Cyber University,본교,기존,사립,01133,"서울특별시 강북구 솔매로49길 60 (미아동, 서울사이버대학교)",02-944-5000,02-980-2222,www.iscu.ac.kr
2020,사이버대학(대학),서울,서울 광진구,세종사이버대학교 ,Sejong Cyber University,본교,기존,사립,05000,"서울특별시 광진구 군자로 121 (군자동, 세종사이버대학)",02-2204-8000        ,02-2204-8036        ,http://sjcu.ac.kr/
2020,사이버대학(대학),서울,서울 종로구,숭실사이버대학교,Korea Soongsil Cyber University,본교,기존,사립,03132,"서울특별시 종로구 삼일대로30길 23 (익선동, BIZWELL종로오피스텔)",02-708-7700         ,02-708-7755         ,www.kcu.ac
2020,사이버대학(대학),서울,서울 중랑구,한국열린사이버대학교,Open Cyber University of Korea(OCU),본교,기존,사립,02087,"서울특별시 중랑구 망우로 353 (상봉동, 상봉프레미어스엠코)",02-2197-4200        ,02-2197-4114        ,www.ocu.ac.kr
2020,사이버대학(대학),서울,서울 성동구,한양사이버대학교,Hanyang Cyber University,본교,기존,사립,04763,"서울특별시 성동구 왕십리로 220 (행당동, 한양사이버대학교)",02-2290-0114,02-2290-0600,www.hycu.ac.kr
2020,사이버대학(대학),부산,부산 사상구,부산디지털대학교,BusanDigital University,본교,기존,사립,47011,"부산광역시 사상구 주례로 57 (주례동, 부산디지털대학교)",051-320-2000        ,051-320-2759        ,www.bdu.ac.kr
2020,사이버대학(대학),부산,부산 연제구,화신사이버대학교,Hwashin Cyber University,본교,기존,사립,47558,"부산광역시 연제구 고분로191번길 1 (연산동, 화신사이버대학교)",051-999-0121  ,051-999-0119,www.hscu.ac.kr
2020,사이버대학(대학),대전,대전 서구,건양사이버대학교,Konyang Cyber University,본교,기존,사립,35365,"대전광역시 서구 관저동로 158 (관저동, 건양대학교병원)",1899-3330,042-600-6519,www.kycu.ac.kr
2020,사이버대학(대학),경기,경기 수원시,국제사이버대학교,Gukje Cyber University,본교,기존,사립,16487,경기도 수원시 팔달구 경수대로 490 (인계동),031-229-6200        ,031-267-0750        ,www.gjcu.ac.kr
2020,사이버대학(대학),충남,충남 천안시,글로벌사이버대학교,GLOBAL CYBER UNIVERSITY,본교,기존,사립,31228,"충청남도 천안시 동남구 목천읍 교천지산길 284-88 (지산리, 글로벌사이버대학교)",041-415-6111,041-415-6199,www.global.ac.kr
2020,사이버대학(대학),전북,전북 익산시,원광디지털대학교,Wonkwang Digital University,본교,기존,사립,54538,"전라북도 익산시 익산대로 460 (신동, 원광디지털대학교)",1588-2854,063-843-2855,www.wdu.ac.kr
2020,사이버대학(대학),경북,경북 경산시,대구사이버대학교,Daegu Cyber University,본교,기존,사립,38453,"경상북도 경산시 진량읍 대구대로 201 (내리리, 대구대학교경산캠퍼스)",053-859-7500   ,053-859-7599,www.dcu.ac.kr
2020,사이버대학(전문),대구,대구 북구,영진사이버대학교,YEUNGJIN CYBER COLLEGE,본교,기존,사립,41527,"대구광역시 북구 복현로 35 (복현동, 영진전문대학)",053-940-5500,053-940-5504,www.ycc.ac.kr
2020,사이버대학(전문),경북,경북 경산시,한국복지사이버대학,Corea Welfare Cyber Collelge,본교,기존,사립,38695,경상북도 경산시 남천면 남천로 746-10 (협석리),053-712-3000        ,053-815-6500        ,http://www.corea.ac.kr/
2020,전공대학,서울,서울 강남구,국제예술대학교,Kukje University of Arts,본교,기존,사립,06051,"서울특별시 강남구 도산대로30길 47 (논현동, 국제예술대학교)",025428197,025171392,kua.ac.kr/
2020,전공대학,서울,서울 서초구,백석예술대학교,BAEKSEOK ARTS UNIVERSITY,본교,기존,사립,06695,"서울특별시 서초구 방배로9길 23 (방배동, 백석예술대학교)",02-520-0700,,www.bau.ac.kr
2020,전공대학,서울,서울 중구,정화예술대학교,JEONGHWA ARTS COLLEGE,본교,기존,사립,04631,"서울특별시 중구 퇴계로16길 21 (남산동1가, 정화예술대학교명동캠퍼스본관)",02-3789-2020        ,02-775-5082         ,www.jb.ac.kr
2020,전공대학,서울,서울 중구,정화예술대학교,JEONGHWA ARTS COLLEGE,제2캠퍼스,기존,사립,04633,"서울특별시 중구 퇴계로8길 73 (회현동1가, 정화예술대학교남산캠퍼스)",02-3789-7181        ,02-6916-3888        ,www.jb.ac.kr
2020,기능대학,서울,서울 강서구,한국폴리텍대학 서울강서캠퍼스,Seoul Kangseo Campus of Korea PolytechnicⅠCollege ,본교,기존,사립,07684,"서울특별시 강서구 우장산로10길 112 (화곡동, 한국폴리텍대학서울강서캠퍼스)",02-2186-5800        ,02-2186-5819        ,http://kangseo.kopo.ac.kr
2020,기능대학,서울,서울 용산구,한국폴리텍대학 서울정수캠퍼스,Seoul Jungsu Campus of Korea Polytechnic,본교,기존,사립,04392,"서울특별시 용산구 보광로 73 (보광동, 한국폴리텍1대학서울정수캠퍼스)",02-2001-4000        ,02-2001-4119        ,jungsu.kopo.ac.kr
2020,기능대학,부산,부산 북구,한국폴리텍Ⅶ대학 부산캠퍼스,Busan Campus of Korea PolytechnicⅦ,본교,기존,사립,46550,"부산광역시 북구 만덕대로155번길 99 (덕천동, 한국폴리텍VII대학부산캠퍼스)",051-330-7800        ,051-332-4801        ,http://www.kopo.ac.kr/busan
2020,기능대학,대구,대구 서구,한국폴리텍대학 대구캠퍼스,Daegu Campus of Korea Polytechnic,본교,기존,사립,41765,"대구광역시 서구 국채보상로43길 15 (평리동, 한국폴리텍6대학)",053-567-0101        ,053-560-3148        ,www.kopo.ac.kr/daegu
2020,기능대학,대구,대구 동구,한국폴리텍대학 영남융합기술캠퍼스,Yeongnam Convergence campus of korea Polytechnic,본교,기존,사립,41027,대구광역시 동구 팔공로 222 (봉무동),053-980-1100,053-980-1129        ,kopo.ac.kr/yct
2020,기능대학,인천,인천 미추홀구,한국폴리텍 II 대학 남인천캠퍼스,Namincheon Campus Of Korea Polytechnin Ⅱ,본교,기존,사립,22121,"인천광역시 미추홀구 염전로333번길 23 (주안동, 한국폴리텍대학남인천캠퍼스)",032-450-0300,032-873-2098,http://www.kopo.ac.kr/namincheon/index.do
2020,기능대학,인천,인천 부평구,한국폴리텍대학 인천캠퍼스,Incheon Campus of Korea Polytechnics,본교,기존,사립,21417,"인천광역시 부평구 무네미로448번길 56 (구산동, 한국폴리텍Ⅱ대학)",032-510-2114        ,032-519-6059        ,www.kopo.ac.kr/incheon/index.do
2020,기능대학,광주,광주 북구,한국폴리텍V대학 광주캠퍼스,Gwangju Campus of Korea Polytechnic V,본교,기존,사립,61099,"광주광역시 북구 하서로 85 (운암동, 한국폴리텍V대학)",062-519-7114,062-519-7019        ,www.kopo.ac.kr/gwangju
2020,기능대학,대전,대전 동구,한국폴리텍 IV 대학 대전캠퍼스,Daejeon Campus of KOREA POLYTECHNIC,본교,기존,사립,34503,"대전광역시 동구 우암로 352-21 (가양동, 한국폴리텍대학대전캠퍼스)",042-670-0600,042-670-0519,www.kopo.ac.kr/daejeon/index.do
2020,기능대학,울산,울산 중구,한국폴리텍 VII 대학 울산캠퍼스,Ulsan Campus of KOREA POLYTECHNIC,본교,기존,사립,44482,"울산광역시 중구 산전길 155 (동동, 한국폴리텍7대학울산캠퍼스)",052-290-1500        ,052-290-1519        ,www.kopo.ac.kr/ulsan/index.do
2020,기능대학,경기,경기 광주시,ICT폴리텍대학,ICT Polytech Institute of Korea,본교,기존,사립,12777,"경기도 광주시 순암로 16-26 (역동, ICT폴리텍대학)",031-764-3301        ,031-762-3456       ,www.ict.ac.kr
2020,기능대학,경기,경기 성남시,한국폴리텍 I 대학 성남캠퍼스,Seong Nam Campus of Korea PolytechnicⅠ,본교,기존,사립,13122,"경기도 성남시 수정구 수정로 398 (산성동, 한국폴리텍I대학성남캠퍼스)",031-739-4000        ,031-749-3375        ,www.kopo.ac.kr/seongnam
2020,기능대학,경기,경기 안성시,한국폴리텍특성화대학 반도체융합캠퍼스,Semiconductor Convergence Campus of KOREA POLYTECHNIC,본교,학교명 변경,사립,17550,"경기도 안성시 공도읍 송원길 41-12 (만정리, 한국폴리텍대학안성캠퍼스)",031-650-7300,031-651-4314,www.kopo.ac.kr/anseong/index.do
2020,기능대학,강원,강원 강릉시,한국폴리텍 III 대학 강릉캠퍼스,GANGNEUNG CAMPUS OF KOREA POLYTECHNICS,본교,기존,사립,25605,"강원도 강릉시 남산초교길 121 (노암동, 한국폴리텍3대학)",033-610-6110,033-610-6195,www.kopo.ac.kr/gangneung
2020,기능대학,강원,강원 원주시,한국폴리텍 III 대학 원주캠퍼스,Wonju Campus of Korea Polytechnic,본교,기존,사립,26406,"강원도 원주시 북원로2425번길 73 (우산동, 한국폴리텍3대학)",033-741-7000,033-741-7029,www.kopo.ac.kr/wonju
2020,기능대학,강원,강원 춘천시,한국폴리텍 III 대학 춘천캠퍼스,Chuncheon Campus of Korea Polytechnic Ⅲ,본교,기존,사립,24409,"강원도 춘천시 동산면 영서로 1290-31 (원창리, 한국폴리텍Ⅲ대학)",033-260-7600        ,033-260-7608      ,www.kopo.ac.kr/chuncheon/
2020,기능대학,충북,충북 청주시,한국폴리텍IV 대학 청주캠퍼스,Cheongju Campus of Korea Polytechnic,본교,기존,사립,28590,"충청북도 청주시 흥덕구 산단로 54 (송정동, 한국폴리텍Ⅳ대학청주캠퍼스)",043-279-7400,043-279-7477        ,www.kopo.ac.kr/cheongju
2020,기능대학,충남,충남 아산시,한국폴리텍 IV 대학 아산캠퍼스,Asan Campus of Korea Polytechnic IV,본교,기존,사립,31533,"충청남도 아산시 신창면 행목로 45 (행목리, 한국폴리텍Ⅳ대학아산캠퍼스)",041-539-9300,041-532-0300,http://www.kopo.ac.kr/asan
2020,기능대학,충남,충남 홍성군,한국폴리텍 IV 대학 홍성캠퍼스,Hongseong Campus of Korea Polytechnics,본교,기존,사립,32244,"충청남도 홍성군 홍성읍 충서로 1200 (남장리, 홍성기능대학)",041-630-3500,041-631-3522,kopo.ac.kr/hongseong
2020,기능대학,충남,충남 논산시,한국폴리텍대학바이오캠퍼스,Bio Campus of Korea Polytechnic,본교,기존,사립,32943,"충청남도 논산시 강경읍 동안로112번길 48 (채운리, 한국폴리텍바이오대학)",041-746-7300        ,041-746-7310        ,kopo.ac.kr/bio
2020,기능대학,전북,전북 김제시,한국폴리텍 V 대학 김제캠퍼스,gimje campus of korea polytechnics,본교,기존,사립,54352,"전라북도 김제시 백학제길 154 (백학동, 한국폴리텍V대학)",063-540-7600        ,063-540-7625        ,kopo.ac.kr/gimje
2020,기능대학,전북,전북 익산시,한국폴리텍대학 익산캠퍼스,Iksan Capus of korea Polytechnic ,본교,기존,사립,54567,"전라북도 익산시 선화로 579 (어양동, 한국폴리텍V대학)",063-830-3000        ,063-830-3026        ,iksan.kopo.ac.kr
2020,기능대학,전남,전남 순천시,한국폴리텍 V 대학 순천캠퍼스,Suncheon Campus of korea polytechnics ,본교,기존,사립,57975,"전라남도 순천시 기적의도서관1길 41 (조례동, 한국폴리텍대학순천캠퍼스)",0617210300,0617215280,kopo.ac.kr/suncheon
2020,기능대학,전남,전남 무안군,한국폴리텍V대학 목포캠퍼스,MOKPO CAMPUS OF KOREA POLYTECHNIC v COLLEGE,본교,기존,사립,58542,"전라남도 무안군 청계면 영산로 1854-16 (상마리, 한국폴리텍V대학목포캠퍼스)",061-450-7220,061-450-7224        ,www.kopo.ac.kr
2020,기능대학,경북,경북 영주시,한국폴리텍 Ⅵ 대학 영주캠퍼스,Yeongju Campus of Korea Polytechnic Ⅵ,본교,기존,사립,36142,"경상북도 영주시 가흥로 2 (문정동, 한국폴리텍VI대학)",054-639-4218,054-632-2098,www.kopo.ac.kr/yeongju/index.do
2020,기능대학,경북,경북 구미시,한국폴리텍대학 구미캠퍼스,Gumi Campus of Korea Polytechnic ,본교,기존,사립,39257,경상북도 구미시 수출대로3길 84 (공단동),054-461-5241        ,054-464-2098        ,http://gumi.kopo.ac.kr/
2020,기능대학,경남,경남 창원시,한국폴리텍대학 창원캠퍼스,Changwon Campus of Korea Polytechnic,본교,기존,사립,51518,"경상남도 창원시 성산구 외동반림로 51-88 (중앙동, 한국폴리텍VII대학)",055-279-1700        ,055-279-1749        ,http://www.kopo.ac.kr/changwon/index.do
2020,기능대학,경남,경남 사천시,한국폴리텍대학 항공캠퍼스,Aviation Campus of KOREA POLYTECHNIC,본교,기존,사립,52549,"경상남도 사천시 대학길 46 (이금동, 한국폴리텍항공대학)",055-830-3400,055-830-3414,www.kopo.ac.kr/kapc
2020,기능대학,제주,제주 제주시,한국폴리텍 I 대학 제주캠퍼스,Korea Polytechnic,본교,기존,사립,63243,"제주특별자치도 제주시 산천단동3길 2 (아라일동, 한국폴리택대학제주캠퍼스)",064-754-7100,064-754-7112,www.kopo.ac.kr/jeju/index.do
